{
  "per_curve": [
    {
      "mae": 0.013473501134334966,
      "rmse": 0.018051861136473286,
      "max_error": 0.04907640455292195,
      "iae": 0.013523614432468026,
      "concordance_correlation": 0.9983662945383126,
      "r_squared": 0.996827057764418,
      "accuracy_5pct": 1.0,
      "accuracy_3pct": 0.885,
      "accuracy_10pct": 1.0,
      "median_survival_error": 0.999668750182142,
      "median_survival_relative_error": 0.11303426455506346,
      "label": "Group A"
    }
  ],
  "aggregate": {
    "mean_mae": 0.013473501134334966,
    "mean_rmse": 0.018051861136473286,
    "mean_max_error": 0.04907640455292195,
    "mean_iae": 0.013523614432468026,
    "mean_concordance_correlation": 0.9983662945383126,
    "mean_r_squared": 0.996827057764418,
    "mean_accuracy_5pct": 1.0,
    "mean_accuracy_3pct": 0.885,
    "mean_accuracy_10pct": 1.0,
    "n_curves_detected": 1,
    "n_curves_expected": 1
  },
  "name": "easy_002",
  "timing": 0.03394508361816406
}