{
  "per_curve": [
    {
      "mae": 0.005305284727957135,
      "rmse": 0.00885280062457139,
      "max_error": 0.05136255850975058,
      "iae": 0.0053247588558876695,
      "concordance_correlation": 0.9984659331785876,
      "r_squared": 0.9970575213855932,
      "accuracy_5pct": 0.995,
      "accuracy_3pct": 0.97,
      "accuracy_10pct": 1.0,
      "median_survival_error": 4.7518875099796105,
      "median_survival_relative_error": 0.10531526838017741,
      "label": "Group A"
    }
  ],
  "aggregate": {
    "mean_mae": 0.005305284727957135,
    "mean_rmse": 0.00885280062457139,
    "mean_max_error": 0.05136255850975058,
    "mean_iae": 0.0053247588558876695,
    "mean_concordance_correlation": 0.9984659331785876,
    "mean_r_squared": 0.9970575213855932,
    "mean_accuracy_5pct": 0.995,
    "mean_accuracy_3pct": 0.97,
    "mean_accuracy_10pct": 1.0,
    "n_curves_detected": 1,
    "n_curves_expected": 1
  },
  "name": "easy_024",
  "timing": 0.06143307685852051
}