{
  "per_curve": [
    {
      "mae": 0.004865432943685529,
      "rmse": 0.005975431309751808,
      "max_error": 0.016774545796262974,
      "iae": 0.004880246448218086,
      "concordance_correlation": 0.9998325390449951,
      "r_squared": 0.9996671028570459,
      "accuracy_5pct": 1.0,
      "accuracy_3pct": 1.0,
      "accuracy_10pct": 1.0,
      "median_survival_error": 0.11167335862847594,
      "median_survival_relative_error": 0.003583821898825987,
      "label": "Group A"
    }
  ],
  "aggregate": {
    "mean_mae": 0.004865432943685529,
    "mean_rmse": 0.005975431309751808,
    "mean_max_error": 0.016774545796262974,
    "mean_iae": 0.004880246448218086,
    "mean_concordance_correlation": 0.9998325390449951,
    "mean_r_squared": 0.9996671028570459,
    "mean_accuracy_5pct": 1.0,
    "mean_accuracy_3pct": 1.0,
    "mean_accuracy_10pct": 1.0,
    "n_curves_detected": 1,
    "n_curves_expected": 1
  },
  "name": "easy_015",
  "timing": 0.018110036849975586
}