{
  "per_curve": [
    {
      "mae": 0.007592965763245834,
      "rmse": 0.011050942489260009,
      "max_error": 0.052175183395769764,
      "iae": 0.00760713127320831,
      "concordance_correlation": 0.9986124533985954,
      "r_squared": 0.9973415548011074,
      "accuracy_5pct": 0.995,
      "accuracy_3pct": 0.975,
      "accuracy_10pct": 1.0,
      "median_survival_error": 0.6575772591865316,
      "median_survival_relative_error": 0.019064966605950223,
      "label": "Group A"
    }
  ],
  "aggregate": {
    "mean_mae": 0.007592965763245834,
    "mean_rmse": 0.011050942489260009,
    "mean_max_error": 0.052175183395769764,
    "mean_iae": 0.00760713127320831,
    "mean_concordance_correlation": 0.9986124533985954,
    "mean_r_squared": 0.9973415548011074,
    "mean_accuracy_5pct": 0.995,
    "mean_accuracy_3pct": 0.975,
    "mean_accuracy_10pct": 1.0,
    "n_curves_detected": 1,
    "n_curves_expected": 1
  },
  "name": "easy_004",
  "timing": 0.03352093696594238
}