{
  "per_curve": [
    {
      "mae": 0.004927480115353408,
      "rmse": 0.006258818369689792,
      "max_error": 0.018018018018018056,
      "iae": 0.004938940941330513,
      "concordance_correlation": 0.9998345593973934,
      "r_squared": 0.9996703275357833,
      "accuracy_5pct": 1.0,
      "accuracy_3pct": 1.0,
      "accuracy_10pct": 1.0,
      "median_survival_error": 0.3458454800351589,
      "median_survival_relative_error": 0.00729372659338795,
      "label": "Group A"
    }
  ],
  "aggregate": {
    "mean_mae": 0.004927480115353408,
    "mean_rmse": 0.006258818369689792,
    "mean_max_error": 0.018018018018018056,
    "mean_iae": 0.004938940941330513,
    "mean_concordance_correlation": 0.9998345593973934,
    "mean_r_squared": 0.9996703275357833,
    "mean_accuracy_5pct": 1.0,
    "mean_accuracy_3pct": 1.0,
    "mean_accuracy_10pct": 1.0,
    "n_curves_detected": 1,
    "n_curves_expected": 1
  },
  "name": "easy_009",
  "timing": 0.06580114364624023
}