{
  "per_curve": [
    {
      "mae": 0.0062092700020444265,
      "rmse": 0.01036132089685256,
      "max_error": 0.03758953245727814,
      "iae": 0.006160976129094501,
      "concordance_correlation": 0.9991001544944442,
      "r_squared": 0.9982173824662478,
      "accuracy_5pct": 1.0,
      "accuracy_3pct": 0.93,
      "accuracy_10pct": 1.0,
      "median_survival_error": 0.5636950304123722,
      "median_survival_relative_error": 0.018153360445205532,
      "label": "Group A"
    }
  ],
  "aggregate": {
    "mean_mae": 0.0062092700020444265,
    "mean_rmse": 0.01036132089685256,
    "mean_max_error": 0.03758953245727814,
    "mean_iae": 0.006160976129094501,
    "mean_concordance_correlation": 0.9991001544944442,
    "mean_r_squared": 0.9982173824662478,
    "mean_accuracy_5pct": 1.0,
    "mean_accuracy_3pct": 0.93,
    "mean_accuracy_10pct": 1.0,
    "n_curves_detected": 1,
    "n_curves_expected": 1
  },
  "name": "easy_014",
  "timing": 0.019282102584838867
}