{
  "per_curve": [
    {
      "mae": 0.00829422987179628,
      "rmse": 0.012714111500852434,
      "max_error": 0.05185192665336957,
      "iae": 0.008326365020736621,
      "concordance_correlation": 0.9981557592796308,
      "r_squared": 0.9964818380942839,
      "accuracy_5pct": 0.995,
      "accuracy_3pct": 0.93,
      "accuracy_10pct": 1.0,
      "median_survival_error": 1.7506073151795647,
      "median_survival_relative_error": 0.09250483464075687,
      "label": "Group A"
    }
  ],
  "aggregate": {
    "mean_mae": 0.00829422987179628,
    "mean_rmse": 0.012714111500852434,
    "mean_max_error": 0.05185192665336957,
    "mean_iae": 0.008326365020736621,
    "mean_concordance_correlation": 0.9981557592796308,
    "mean_r_squared": 0.9964818380942839,
    "mean_accuracy_5pct": 0.995,
    "mean_accuracy_3pct": 0.93,
    "mean_accuracy_10pct": 1.0,
    "n_curves_detected": 1,
    "n_curves_expected": 1
  },
  "name": "easy_036",
  "timing": 0.01798391342163086
}