{
  "per_curve": [
    {
      "mae": 0.007769302351813236,
      "rmse": 0.009863441971687193,
      "max_error": 0.03426202695843439,
      "iae": 0.007762573512761511,
      "concordance_correlation": 0.9988707441080923,
      "r_squared": 0.997748370467805,
      "accuracy_5pct": 1.0,
      "accuracy_3pct": 0.99,
      "accuracy_10pct": 1.0,
      "median_survival_error": 0.35172403532659047,
      "median_survival_relative_error": 0.011111111111110933,
      "label": "Group A"
    }
  ],
  "aggregate": {
    "mean_mae": 0.007769302351813236,
    "mean_rmse": 0.009863441971687193,
    "mean_max_error": 0.03426202695843439,
    "mean_iae": 0.007762573512761511,
    "mean_concordance_correlation": 0.9988707441080923,
    "mean_r_squared": 0.997748370467805,
    "mean_accuracy_5pct": 1.0,
    "mean_accuracy_3pct": 0.99,
    "mean_accuracy_10pct": 1.0,
    "n_curves_detected": 1,
    "n_curves_expected": 1
  },
  "name": "easy_038",
  "timing": 0.025309085845947266
}