{
  "per_curve": [
    {
      "mae": 0.013069518363483862,
      "rmse": 0.01808785454438791,
      "max_error": 0.04788689571298266,
      "iae": 0.013128805109949054,
      "concordance_correlation": 0.9983581870607737,
      "r_squared": 0.9968309343882936,
      "accuracy_5pct": 1.0,
      "accuracy_3pct": 0.87,
      "accuracy_10pct": 1.0,
      "median_survival_error": 1.8224238323280701,
      "median_survival_relative_error": 0.04697995286686917,
      "label": "Group A"
    }
  ],
  "aggregate": {
    "mean_mae": 0.013069518363483862,
    "mean_rmse": 0.01808785454438791,
    "mean_max_error": 0.04788689571298266,
    "mean_iae": 0.013128805109949054,
    "mean_concordance_correlation": 0.9983581870607737,
    "mean_r_squared": 0.9968309343882936,
    "mean_accuracy_5pct": 1.0,
    "mean_accuracy_3pct": 0.87,
    "mean_accuracy_10pct": 1.0,
    "n_curves_detected": 1,
    "n_curves_expected": 1
  },
  "name": "easy_013",
  "timing": 0.0383150577545166
}