{
  "per_curve": [
    {
      "mae": 0.04374968733855472,
      "rmse": 0.07240442753516711,
      "max_error": 0.240474468392883,
      "iae": 0.0435800153460988,
      "concordance_correlation": 0.9597216963486561,
      "r_squared": 0.931692484442504,
      "accuracy_5pct": 0.725,
      "accuracy_3pct": 0.57,
      "accuracy_10pct": 0.835,
      "median_survival_error": 11.501391377453075,
      "median_survival_relative_error": 0.27665457058925197,
      "label": "Group A"
    }
  ],
  "aggregate": {
    "mean_mae": 0.04374968733855472,
    "mean_rmse": 0.07240442753516711,
    "mean_max_error": 0.240474468392883,
    "mean_iae": 0.0435800153460988,
    "mean_concordance_correlation": 0.9597216963486561,
    "mean_r_squared": 0.931692484442504,
    "mean_accuracy_5pct": 0.725,
    "mean_accuracy_3pct": 0.57,
    "mean_accuracy_10pct": 0.835,
    "n_curves_detected": 1,
    "n_curves_expected": 1
  },
  "name": "easy_030",
  "timing": 0.03724813461303711
}