{
  "per_curve": [
    {
      "mae": 0.008472379277620937,
      "rmse": 0.008856090009589746,
      "max_error": 0.013925455617994853,
      "iae": 0.008488353286594816,
      "concordance_correlation": 0.9995229963340183,
      "r_squared": 0.999057455603641,
      "accuracy_5pct": 1.0,
      "accuracy_3pct": 1.0,
      "accuracy_10pct": 1.0,
      "median_survival_error": 0.009846318599816328,
      "median_survival_relative_error": 0.00032936216663841697,
      "label": "Group A"
    }
  ],
  "aggregate": {
    "mean_mae": 0.008472379277620937,
    "mean_rmse": 0.008856090009589746,
    "mean_max_error": 0.013925455617994853,
    "mean_iae": 0.008488353286594816,
    "mean_concordance_correlation": 0.9995229963340183,
    "mean_r_squared": 0.999057455603641,
    "mean_accuracy_5pct": 1.0,
    "mean_accuracy_3pct": 1.0,
    "mean_accuracy_10pct": 1.0,
    "n_curves_detected": 1,
    "n_curves_expected": 1
  },
  "name": "easy_025",
  "timing": 0.06551194190979004
}