{
  "per_curve": [
    {
      "mae": 0.00464415185596611,
      "rmse": 0.0056346462315603075,
      "max_error": 0.017543859649123417,
      "iae": 0.004651393448448584,
      "concordance_correlation": 0.9998693383054373,
      "r_squared": 0.999739436421019,
      "accuracy_5pct": 1.0,
      "accuracy_3pct": 1.0,
      "accuracy_10pct": 1.0,
      "median_survival_error": 0.5534934687311548,
      "median_survival_relative_error": 0.01387834873081883,
      "label": "Group A"
    }
  ],
  "aggregate": {
    "mean_mae": 0.00464415185596611,
    "mean_rmse": 0.0056346462315603075,
    "mean_max_error": 0.017543859649123417,
    "mean_iae": 0.004651393448448584,
    "mean_concordance_correlation": 0.9998693383054373,
    "mean_r_squared": 0.999739436421019,
    "mean_accuracy_5pct": 1.0,
    "mean_accuracy_3pct": 1.0,
    "mean_accuracy_10pct": 1.0,
    "n_curves_detected": 1,
    "n_curves_expected": 1
  },
  "name": "easy_022",
  "timing": 0.03725910186767578
}