{
  "per_curve": [
    {
      "mae": 0.0125360778572635,
      "rmse": 0.017711385544683253,
      "max_error": 0.05180086767885672,
      "iae": 0.012589477184625199,
      "concordance_correlation": 0.998528423133143,
      "r_squared": 0.9971486425440261,
      "accuracy_5pct": 0.995,
      "accuracy_3pct": 0.84,
      "accuracy_10pct": 1.0,
      "median_survival_error": 0.9541815230370396,
      "median_survival_relative_error": 0.03314151396314765,
      "label": "Group A"
    }
  ],
  "aggregate": {
    "mean_mae": 0.0125360778572635,
    "mean_rmse": 0.017711385544683253,
    "mean_max_error": 0.05180086767885672,
    "mean_iae": 0.012589477184625199,
    "mean_concordance_correlation": 0.998528423133143,
    "mean_r_squared": 0.9971486425440261,
    "mean_accuracy_5pct": 0.995,
    "mean_accuracy_3pct": 0.84,
    "mean_accuracy_10pct": 1.0,
    "n_curves_detected": 1,
    "n_curves_expected": 1
  },
  "name": "easy_003",
  "timing": 0.03299593925476074
}