{
  "per_curve": [
    {
      "mae": 0.005904171636989074,
      "rmse": 0.007110816950746167,
      "max_error": 0.019762845849802146,
      "iae": 0.0059274024995830815,
      "concordance_correlation": 0.9997296133441611,
      "r_squared": 0.9994632130056849,
      "accuracy_5pct": 1.0,
      "accuracy_3pct": 1.0,
      "accuracy_10pct": 1.0,
      "median_survival_error": 0.23345306404259958,
      "median_survival_relative_error": 0.006999188070228891,
      "label": "Group A"
    }
  ],
  "aggregate": {
    "mean_mae": 0.005904171636989074,
    "mean_rmse": 0.007110816950746167,
    "mean_max_error": 0.019762845849802146,
    "mean_iae": 0.0059274024995830815,
    "mean_concordance_correlation": 0.9997296133441611,
    "mean_r_squared": 0.9994632130056849,
    "mean_accuracy_5pct": 1.0,
    "mean_accuracy_3pct": 1.0,
    "mean_accuracy_10pct": 1.0,
    "n_curves_detected": 1,
    "n_curves_expected": 1
  },
  "name": "easy_017",
  "timing": 0.03837084770202637
}