{
  "per_curve": [
    {
      "mae": 0.010153179802766706,
      "rmse": 0.01404343430729883,
      "max_error": 0.056058320764202585,
      "iae": 0.010192270309108069,
      "concordance_correlation": 0.9980357302775693,
      "r_squared": 0.9962769035033777,
      "accuracy_5pct": 0.99,
      "accuracy_3pct": 0.925,
      "accuracy_10pct": 1.0,
      "median_survival_error": 3.3338249895794974,
      "median_survival_relative_error": 0.08464572487699129,
      "label": "Group A"
    }
  ],
  "aggregate": {
    "mean_mae": 0.010153179802766706,
    "mean_rmse": 0.01404343430729883,
    "mean_max_error": 0.056058320764202585,
    "mean_iae": 0.010192270309108069,
    "mean_concordance_correlation": 0.9980357302775693,
    "mean_r_squared": 0.9962769035033777,
    "mean_accuracy_5pct": 0.99,
    "mean_accuracy_3pct": 0.925,
    "mean_accuracy_10pct": 1.0,
    "n_curves_detected": 1,
    "n_curves_expected": 1
  },
  "name": "easy_032",
  "timing": 0.018687963485717773
}