{
  "per_curve": [
    {
      "mae": 0.008020684305676207,
      "rmse": 0.00864816550611042,
      "max_error": 0.02826363599190651,
      "iae": 0.008051014803746129,
      "concordance_correlation": 0.99961171870635,
      "r_squared": 0.9992332860221803,
      "accuracy_5pct": 1.0,
      "accuracy_3pct": 1.0,
      "accuracy_10pct": 1.0,
      "median_survival_error": 0.7348499256248004,
      "median_survival_relative_error": 0.018456653647989093,
      "label": "Group A"
    }
  ],
  "aggregate": {
    "mean_mae": 0.008020684305676207,
    "mean_rmse": 0.00864816550611042,
    "mean_max_error": 0.02826363599190651,
    "mean_iae": 0.008051014803746129,
    "mean_concordance_correlation": 0.99961171870635,
    "mean_r_squared": 0.9992332860221803,
    "mean_accuracy_5pct": 1.0,
    "mean_accuracy_3pct": 1.0,
    "mean_accuracy_10pct": 1.0,
    "n_curves_detected": 1,
    "n_curves_expected": 1
  },
  "name": "easy_037",
  "timing": 0.03773999214172363
}