{
  "per_curve": [
    {
      "mae": 0.009547639372800556,
      "rmse": 0.014317556251800579,
      "max_error": 0.052922009958124905,
      "iae": 0.009586033622285153,
      "concordance_correlation": 0.9985562673581223,
      "r_squared": 0.9972157667388818,
      "accuracy_5pct": 0.995,
      "accuracy_3pct": 0.925,
      "accuracy_10pct": 1.0,
      "median_survival_error": 1.448169883095872,
      "median_survival_relative_error": 0.05974562417954887,
      "label": "Group A"
    }
  ],
  "aggregate": {
    "mean_mae": 0.009547639372800556,
    "mean_rmse": 0.014317556251800579,
    "mean_max_error": 0.052922009958124905,
    "mean_iae": 0.009586033622285153,
    "mean_concordance_correlation": 0.9985562673581223,
    "mean_r_squared": 0.9972157667388818,
    "mean_accuracy_5pct": 0.995,
    "mean_accuracy_3pct": 0.925,
    "mean_accuracy_10pct": 1.0,
    "n_curves_detected": 1,
    "n_curves_expected": 1
  },
  "name": "easy_005",
  "timing": 0.03649711608886719
}