{
  "per_curve": [
    {
      "mae": 0.007750427003474396,
      "rmse": 0.012363870547018808,
      "max_error": 0.04661991197653559,
      "iae": 0.007782215574223003,
      "concordance_correlation": 0.9987413019439565,
      "r_squared": 0.9975770294833719,
      "accuracy_5pct": 1.0,
      "accuracy_3pct": 0.93,
      "accuracy_10pct": 1.0,
      "median_survival_error": 1.0674993350358442,
      "median_survival_relative_error": 0.03978973965628013,
      "label": "Group A"
    }
  ],
  "aggregate": {
    "mean_mae": 0.007750427003474396,
    "mean_rmse": 0.012363870547018808,
    "mean_max_error": 0.04661991197653559,
    "mean_iae": 0.007782215574223003,
    "mean_concordance_correlation": 0.9987413019439565,
    "mean_r_squared": 0.9975770294833719,
    "mean_accuracy_5pct": 1.0,
    "mean_accuracy_3pct": 0.93,
    "mean_accuracy_10pct": 1.0,
    "n_curves_detected": 1,
    "n_curves_expected": 1
  },
  "name": "easy_020",
  "timing": 0.01838088035583496
}