{
  "per_curve": [
    {
      "mae": 0.006634752713333053,
      "rmse": 0.010943233299009732,
      "max_error": 0.05040389343234175,
      "iae": 0.006659709985855276,
      "concordance_correlation": 0.998620948590166,
      "r_squared": 0.9973476178594609,
      "accuracy_5pct": 0.995,
      "accuracy_3pct": 0.945,
      "accuracy_10pct": 1.0,
      "median_survival_error": 0.9113679111502577,
      "median_survival_relative_error": 0.04597570520059946,
      "label": "Group A"
    }
  ],
  "aggregate": {
    "mean_mae": 0.006634752713333053,
    "mean_rmse": 0.010943233299009732,
    "mean_max_error": 0.05040389343234175,
    "mean_iae": 0.006659709985855276,
    "mean_concordance_correlation": 0.998620948590166,
    "mean_r_squared": 0.9973476178594609,
    "mean_accuracy_5pct": 0.995,
    "mean_accuracy_3pct": 0.945,
    "mean_accuracy_10pct": 1.0,
    "n_curves_detected": 1,
    "n_curves_expected": 1
  },
  "name": "easy_006",
  "timing": 0.06060600280761719
}