{
  "per_curve": [
    {
      "mae": 0.005050929585776069,
      "rmse": 0.005860125657823692,
      "max_error": 0.014337577229157877,
      "iae": 0.0050634179391021135,
      "concordance_correlation": 0.9997994194382703,
      "r_squared": 0.9995995730727532,
      "accuracy_5pct": 1.0,
      "accuracy_3pct": 1.0,
      "accuracy_10pct": 1.0,
      "median_survival_error": 0.34045626081621805,
      "median_survival_relative_error": 0.010652568538573772,
      "label": "Group A"
    }
  ],
  "aggregate": {
    "mean_mae": 0.005050929585776069,
    "mean_rmse": 0.005860125657823692,
    "mean_max_error": 0.014337577229157877,
    "mean_iae": 0.0050634179391021135,
    "mean_concordance_correlation": 0.9997994194382703,
    "mean_r_squared": 0.9995995730727532,
    "mean_accuracy_5pct": 1.0,
    "mean_accuracy_3pct": 1.0,
    "mean_accuracy_10pct": 1.0,
    "n_curves_detected": 1,
    "n_curves_expected": 1
  },
  "name": "easy_000",
  "timing": 0.0986330509185791
}