{
  "per_curve": [
    {
      "mae": 0.0064534578361452625,
      "rmse": 0.008107662403400934,
      "max_error": 0.031977972120965314,
      "iae": 0.006452042616256693,
      "concordance_correlation": 0.999460769920763,
      "r_squared": 0.9989163244737197,
      "accuracy_5pct": 1.0,
      "accuracy_3pct": 0.995,
      "accuracy_10pct": 1.0,
      "median_survival_error": 0.027763307232731904,
      "median_survival_relative_error": 0.0006930006930005946,
      "label": "Group A"
    }
  ],
  "aggregate": {
    "mean_mae": 0.0064534578361452625,
    "mean_rmse": 0.008107662403400934,
    "mean_max_error": 0.031977972120965314,
    "mean_iae": 0.006452042616256693,
    "mean_concordance_correlation": 0.999460769920763,
    "mean_r_squared": 0.9989163244737197,
    "mean_accuracy_5pct": 1.0,
    "mean_accuracy_3pct": 0.995,
    "mean_accuracy_10pct": 1.0,
    "n_curves_detected": 1,
    "n_curves_expected": 1
  },
  "name": "easy_001",
  "timing": 0.03477215766906738
}