{
  "per_curve": [
    {
      "mae": 0.011642414599893555,
      "rmse": 0.016772506332535724,
      "max_error": 0.0503826020039575,
      "iae": 0.011686548007231904,
      "concordance_correlation": 0.9985457596867605,
      "r_squared": 0.9971769896793956,
      "accuracy_5pct": 0.995,
      "accuracy_3pct": 0.895,
      "accuracy_10pct": 1.0,
      "median_survival_error": 0.6847032232906543,
      "median_survival_relative_error": 0.024473117880184955,
      "label": "Group A"
    }
  ],
  "aggregate": {
    "mean_mae": 0.011642414599893555,
    "mean_rmse": 0.016772506332535724,
    "mean_max_error": 0.0503826020039575,
    "mean_iae": 0.011686548007231904,
    "mean_concordance_correlation": 0.9985457596867605,
    "mean_r_squared": 0.9971769896793956,
    "mean_accuracy_5pct": 0.995,
    "mean_accuracy_3pct": 0.895,
    "mean_accuracy_10pct": 1.0,
    "n_curves_detected": 1,
    "n_curves_expected": 1
  },
  "name": "easy_027",
  "timing": 0.06432795524597168
}