{
  "per_curve": [
    {
      "mae": 0.005107749403054516,
      "rmse": 0.0061087008822584285,
      "max_error": 0.015873015873015595,
      "iae": 0.005124952606897473,
      "concordance_correlation": 0.9998509185838823,
      "r_squared": 0.9997024315742911,
      "accuracy_5pct": 1.0,
      "accuracy_3pct": 1.0,
      "accuracy_10pct": 1.0,
      "median_survival_error": 0.1622847228380806,
      "median_survival_relative_error": 0.008323981154432,
      "label": "Group A"
    }
  ],
  "aggregate": {
    "mean_mae": 0.005107749403054516,
    "mean_rmse": 0.0061087008822584285,
    "mean_max_error": 0.015873015873015595,
    "mean_iae": 0.005124952606897473,
    "mean_concordance_correlation": 0.9998509185838823,
    "mean_r_squared": 0.9997024315742911,
    "mean_accuracy_5pct": 1.0,
    "mean_accuracy_3pct": 1.0,
    "mean_accuracy_10pct": 1.0,
    "n_curves_detected": 1,
    "n_curves_expected": 1
  },
  "name": "easy_007",
  "timing": 0.06464385986328125
}