{
  "per_curve": [
    {
      "mae": 0.010254152340265556,
      "rmse": 0.01503024181012357,
      "max_error": 0.048701660370183086,
      "iae": 0.010299283384815349,
      "concordance_correlation": 0.9987334652343525,
      "r_squared": 0.9975497752190476,
      "accuracy_5pct": 1.0,
      "accuracy_3pct": 0.91,
      "accuracy_10pct": 1.0,
      "median_survival_error": 0.1889166725921685,
      "median_survival_relative_error": 0.041051619056462665,
      "label": "Group A"
    }
  ],
  "aggregate": {
    "mean_mae": 0.010254152340265556,
    "mean_rmse": 0.01503024181012357,
    "mean_max_error": 0.048701660370183086,
    "mean_iae": 0.010299283384815349,
    "mean_concordance_correlation": 0.9987334652343525,
    "mean_r_squared": 0.9975497752190476,
    "mean_accuracy_5pct": 1.0,
    "mean_accuracy_3pct": 0.91,
    "mean_accuracy_10pct": 1.0,
    "n_curves_detected": 1,
    "n_curves_expected": 1
  },
  "name": "easy_011",
  "timing": 0.035974740982055664
}