{
  "per_curve": [
    {
      "mae": 0.00470605916447838,
      "rmse": 0.0059165307154115335,
      "max_error": 0.024929833835863113,
      "iae": 0.004721243824408893,
      "concordance_correlation": 0.9996461617594222,
      "r_squared": 0.999298800637828,
      "accuracy_5pct": 1.0,
      "accuracy_3pct": 1.0,
      "accuracy_10pct": 1.0,
      "median_survival_error": 0.22724139254813025,
      "median_survival_relative_error": 0.013432975034292905,
      "label": "Group A"
    }
  ],
  "aggregate": {
    "mean_mae": 0.00470605916447838,
    "mean_rmse": 0.0059165307154115335,
    "mean_max_error": 0.024929833835863113,
    "mean_iae": 0.004721243824408893,
    "mean_concordance_correlation": 0.9996461617594222,
    "mean_r_squared": 0.999298800637828,
    "mean_accuracy_5pct": 1.0,
    "mean_accuracy_3pct": 1.0,
    "mean_accuracy_10pct": 1.0,
    "n_curves_detected": 1,
    "n_curves_expected": 1
  },
  "name": "easy_012",
  "timing": 0.06055593490600586
}