{
  "per_curve": [
    {
      "mae": 0.00488101789263257,
      "rmse": 0.005781324844188652,
      "max_error": 0.014896164565233294,
      "iae": 0.0048983186903026835,
      "concordance_correlation": 0.9997631365909463,
      "r_squared": 0.9995292498747316,
      "accuracy_5pct": 1.0,
      "accuracy_3pct": 1.0,
      "accuracy_10pct": 1.0,
      "median_survival_error": 0.406673286257643,
      "median_survival_relative_error": 0.011627780935213713,
      "label": "Group A"
    }
  ],
  "aggregate": {
    "mean_mae": 0.00488101789263257,
    "mean_rmse": 0.005781324844188652,
    "mean_max_error": 0.014896164565233294,
    "mean_iae": 0.0048983186903026835,
    "mean_concordance_correlation": 0.9997631365909463,
    "mean_r_squared": 0.9995292498747316,
    "mean_accuracy_5pct": 1.0,
    "mean_accuracy_3pct": 1.0,
    "mean_accuracy_10pct": 1.0,
    "n_curves_detected": 1,
    "n_curves_expected": 1
  },
  "name": "easy_005",
  "timing": 0.017536163330078125
}