{
  "per_curve": [
    {
      "mae": 0.012575064318369295,
      "rmse": 0.01732427107613019,
      "max_error": 0.048739641124078026,
      "iae": 0.012628659557595848,
      "concordance_correlation": 0.9984486725495553,
      "r_squared": 0.9970016307338785,
      "accuracy_5pct": 1.0,
      "accuracy_3pct": 0.86,
      "accuracy_10pct": 1.0,
      "median_survival_error": 0.3045289899778023,
      "median_survival_relative_error": 0.018746457316464814,
      "label": "Group A"
    }
  ],
  "aggregate": {
    "mean_mae": 0.012575064318369295,
    "mean_rmse": 0.01732427107613019,
    "mean_max_error": 0.048739641124078026,
    "mean_iae": 0.012628659557595848,
    "mean_concordance_correlation": 0.9984486725495553,
    "mean_r_squared": 0.9970016307338785,
    "mean_accuracy_5pct": 1.0,
    "mean_accuracy_3pct": 0.86,
    "mean_accuracy_10pct": 1.0,
    "n_curves_detected": 1,
    "n_curves_expected": 1
  },
  "name": "easy_007",
  "timing": 0.03559398651123047
}