{
  "per_curve": [
    {
      "mae": 0.024358012771571094,
      "rmse": 0.025940249550404033,
      "max_error": 0.10063979210868212,
      "iae": 0.024445603199370385,
      "concordance_correlation": 0.9692096442615914,
      "r_squared": 0.9450282815073693,
      "accuracy_5pct": 0.985,
      "accuracy_3pct": 0.975,
      "accuracy_10pct": 0.995,
      "median_survival_error": 2.1451658771615847,
      "median_survival_relative_error": 0.1064596036585357,
      "label": "Arm A"
    },
    {
      "mae": 0.010862674995511174,
      "rmse": 0.019055354809267552,
      "max_error": 0.11820900973603365,
      "iae": 0.01061427104605898,
      "concordance_correlation": 0.9766838159584733,
      "r_squared": 0.9611668113442968,
      "accuracy_5pct": 0.97,
      "accuracy_3pct": 0.96,
      "accuracy_10pct": 0.99,
      "median_survival_error": 2.82085432222042,
      "median_survival_relative_error": 0.1927200358677669,
      "label": "Arm B"
    }
  ],
  "aggregate": {
    "mean_mae": 0.017610343883541133,
    "mean_rmse": 0.022497802179835793,
    "mean_max_error": 0.10942440092235789,
    "mean_iae": 0.01752993712271468,
    "mean_concordance_correlation": 0.9729467301100323,
    "mean_r_squared": 0.9530975464258331,
    "mean_accuracy_5pct": 0.9775,
    "mean_accuracy_3pct": 0.9675,
    "mean_accuracy_10pct": 0.9924999999999999,
    "n_curves_detected": 2,
    "n_curves_expected": 2
  },
  "name": "hard_trunc_121",
  "timing": 0.04978203773498535
}