{
  "per_curve": [
    {
      "mae": 0.0049967806508571235,
      "rmse": 0.007555652323907058,
      "max_error": 0.058823529411765274,
      "iae": 0.005013831849875584,
      "concordance_correlation": 0.9995605544497154,
      "r_squared": 0.9991146989153326,
      "accuracy_5pct": 0.995,
      "accuracy_3pct": 0.99,
      "accuracy_10pct": 1.0,
      "median_survival_error": 0.7918766388979996,
      "median_survival_relative_error": 0.029236591383593913,
      "label": "Group 1"
    },
    {
      "mae": 0.00442444745627142,
      "rmse": 0.006104514241426816,
      "max_error": 0.03743315508021405,
      "iae": 0.0044386226090859324,
      "concordance_correlation": 0.999645971558315,
      "r_squared": 0.9992896876675341,
      "accuracy_5pct": 1.0,
      "accuracy_3pct": 0.995,
      "accuracy_10pct": 1.0,
      "median_survival_error": 0.22336324518987993,
      "median_survival_relative_error": 0.00956823292265998,
      "label": "Group 2"
    }
  ],
  "aggregate": {
    "mean_mae": 0.004710614053564271,
    "mean_rmse": 0.006830083282666937,
    "mean_max_error": 0.048128342245989664,
    "mean_iae": 0.0047262272294807586,
    "mean_concordance_correlation": 0.9996032630040153,
    "mean_r_squared": 0.9992021932914333,
    "mean_accuracy_5pct": 0.9975,
    "mean_accuracy_3pct": 0.9924999999999999,
    "mean_accuracy_10pct": 1.0,
    "n_curves_detected": 2,
    "n_curves_expected": 2
  },
  "name": "hard_overlap_033",
  "timing": 0.058593034744262695
}