{
  "per_curve": [
    {
      "mae": 0.0039002432634070733,
      "rmse": 0.005098949821001797,
      "max_error": 0.022747312988427026,
      "iae": 0.003913404134174035,
      "concordance_correlation": 0.999710655521936,
      "r_squared": 0.999421295632275,
      "accuracy_5pct": 1.0,
      "accuracy_3pct": 1.0,
      "accuracy_10pct": 1.0,
      "median_survival_error": 0.3698103287223873,
      "median_survival_relative_error": 0.01496188096600889,
      "label": "Arm A"
    },
    {
      "mae": 0.005948986395270762,
      "rmse": 0.006735852438368843,
      "max_error": 0.025130625298107556,
      "iae": 0.0059660041160431625,
      "concordance_correlation": 0.9988111456576224,
      "r_squared": 0.9976265917490476,
      "accuracy_5pct": 1.0,
      "accuracy_3pct": 1.0,
      "accuracy_10pct": 1.0,
      "median_survival_error": 0.08382785910187707,
      "median_survival_relative_error": 0.008929061616385077,
      "label": "Arm B"
    }
  ],
  "aggregate": {
    "mean_mae": 0.004924614829338918,
    "mean_rmse": 0.00591740112968532,
    "mean_max_error": 0.02393896914326729,
    "mean_iae": 0.0049397041251085985,
    "mean_concordance_correlation": 0.9992609005897792,
    "mean_r_squared": 0.9985239436906612,
    "mean_accuracy_5pct": 1.0,
    "mean_accuracy_3pct": 1.0,
    "mean_accuracy_10pct": 1.0,
    "n_curves_detected": 2,
    "n_curves_expected": 2
  },
  "name": "hard_trunc_142",
  "timing": 0.05964326858520508
}