{
  "per_curve": [
    {
      "mae": 0.006558780806907654,
      "rmse": 0.007626011933050317,
      "max_error": 0.0434844756412015,
      "iae": 0.006582069602643772,
      "concordance_correlation": 0.9984299050629913,
      "r_squared": 0.9968538511990157,
      "accuracy_5pct": 1.0,
      "accuracy_3pct": 0.995,
      "accuracy_10pct": 1.0,
      "median_survival_error": 0.4390495992248731,
      "median_survival_relative_error": 0.05017075503216077,
      "label": "High Risk"
    },
    {
      "mae": 0.015581063941253694,
      "rmse": 0.017875863104874552,
      "max_error": 0.09075573549257698,
      "iae": 0.015640020941406534,
      "concordance_correlation": 0.9960793605992755,
      "r_squared": 0.9922167600540309,
      "accuracy_5pct": 0.99,
      "accuracy_3pct": 0.99,
      "accuracy_10pct": 1.0,
      "median_survival_error": 0.06925216860242855,
      "median_survival_relative_error": 0.0029238531123773797,
      "label": "Medium Risk"
    },
    {
      "mae": 0.005401859090398652,
      "rmse": 0.006793510781382317,
      "max_error": 0.047912992357436734,
      "iae": 0.005409664307381359,
      "concordance_correlation": 0.9995539398032207,
      "r_squared": 0.9991082403819339,
      "accuracy_5pct": 1.0,
      "accuracy_3pct": 0.995,
      "accuracy_10pct": 1.0,
      "median_survival_error": 0.5172015598035458,
      "median_survival_relative_error": 0.013383556291195363,
      "label": "Low Risk"
    }
  ],
  "aggregate": {
    "mean_mae": 0.009180567946186666,
    "mean_rmse": 0.010765128606435729,
    "mean_max_error": 0.06071773449707174,
    "mean_iae": 0.00921058495047722,
    "mean_concordance_correlation": 0.9980210684884958,
    "mean_r_squared": 0.9960596172116603,
    "mean_accuracy_5pct": 0.9966666666666667,
    "mean_accuracy_3pct": 0.9933333333333333,
    "mean_accuracy_10pct": 1.0,
    "n_curves_detected": 3,
    "n_curves_expected": 3
  },
  "name": "hard_three_164",
  "timing": 0.07800817489624023
}