{
  "per_curve": [
    {
      "mae": 0.011728038242503555,
      "rmse": 0.012550945944550253,
      "max_error": 0.01869158878504662,
      "iae": 0.011770877254013858,
      "concordance_correlation": 0.9980025974252777,
      "r_squared": 0.9960654478535487,
      "accuracy_5pct": 1.0,
      "accuracy_3pct": 1.0,
      "accuracy_10pct": 1.0,
      "median_survival_error": 0.2311737400460263,
      "median_survival_relative_error": 0.024857909511879127,
      "label": "High Risk"
    },
    {
      "mae": 0.011223538518382837,
      "rmse": 0.012308191687093193,
      "max_error": 0.021875755204492475,
      "iae": 0.01124935608677314,
      "concordance_correlation": 0.9986969531745311,
      "r_squared": 0.997440113607569,
      "accuracy_5pct": 1.0,
      "accuracy_3pct": 1.0,
      "accuracy_10pct": 1.0,
      "median_survival_error": 0.2894945174632024,
      "median_survival_relative_error": 0.02062132359016814,
      "label": "Medium Risk"
    },
    {
      "mae": 0.004892142990152534,
      "rmse": 0.005721746863412784,
      "max_error": 0.018022381665534937,
      "iae": 0.004900630769238958,
      "concordance_correlation": 0.9998635607327394,
      "r_squared": 0.9997279873088292,
      "accuracy_5pct": 1.0,
      "accuracy_3pct": 1.0,
      "accuracy_10pct": 1.0,
      "median_survival_error": 0.2142393848011679,
      "median_survival_relative_error": 0.004588069052330415,
      "label": "Low Risk"
    }
  ],
  "aggregate": {
    "mean_mae": 0.009281239917012974,
    "mean_rmse": 0.010193628165018743,
    "mean_max_error": 0.019529908551691344,
    "mean_iae": 0.009306954703341985,
    "mean_concordance_correlation": 0.9988543704441827,
    "mean_r_squared": 0.997744516256649,
    "mean_accuracy_5pct": 1.0,
    "mean_accuracy_3pct": 1.0,
    "mean_accuracy_10pct": 1.0,
    "n_curves_detected": 3,
    "n_curves_expected": 3
  },
  "name": "hard_three_168",
  "timing": 0.08281874656677246
}