{
  "per_curve": [
    {
      "mae": 0.01269208544772824,
      "rmse": 0.013364630931348912,
      "max_error": 0.02854022620944019,
      "iae": 0.012739768917556252,
      "concordance_correlation": 0.9933804920773835,
      "r_squared": 0.9868826221500655,
      "accuracy_5pct": 1.0,
      "accuracy_3pct": 1.0,
      "accuracy_10pct": 1.0,
      "median_survival_error": 0.5566558509795554,
      "median_survival_relative_error": 0.07096832506550818,
      "label": "High Risk"
    },
    {
      "mae": 0.0065550518107269674,
      "rmse": 0.00785916204912168,
      "max_error": 0.05320711766791253,
      "iae": 0.006573505500947913,
      "concordance_correlation": 0.9990295032091436,
      "r_squared": 0.9980975073982379,
      "accuracy_5pct": 0.995,
      "accuracy_3pct": 0.995,
      "accuracy_10pct": 1.0,
      "median_survival_error": 0.3964249423374753,
      "median_survival_relative_error": 0.016789344488001397,
      "label": "Medium Risk"
    },
    {
      "mae": 0.005031227303969032,
      "rmse": 0.005959008207754646,
      "max_error": 0.015519099681362045,
      "iae": 0.005043633170011271,
      "concordance_correlation": 0.9996874750207785,
      "r_squared": 0.9993783668374308,
      "accuracy_5pct": 1.0,
      "accuracy_3pct": 1.0,
      "accuracy_10pct": 1.0,
      "median_survival_error": 1.651928616166252,
      "median_survival_relative_error": 0.028610644490653824,
      "label": "Low Risk"
    }
  ],
  "aggregate": {
    "mean_mae": 0.008092788187474746,
    "mean_rmse": 0.009060933729408412,
    "mean_max_error": 0.03242214785290492,
    "mean_iae": 0.008118969196171812,
    "mean_concordance_correlation": 0.9973658234357686,
    "mean_r_squared": 0.9947861654619113,
    "mean_accuracy_5pct": 0.9983333333333334,
    "mean_accuracy_3pct": 0.9983333333333334,
    "mean_accuracy_10pct": 1.0,
    "n_curves_detected": 3,
    "n_curves_expected": 3
  },
  "name": "hard_three_028",
  "timing": 0.0738377571105957
}