{
  "per_curve": [
    {
      "mae": 0.014016708901594175,
      "rmse": 0.015691418176258843,
      "max_error": 0.10581425774377207,
      "iae": 0.014053343331254934,
      "concordance_correlation": 0.9882586156219622,
      "r_squared": 0.9779928454476055,
      "accuracy_5pct": 0.995,
      "accuracy_3pct": 0.99,
      "accuracy_10pct": 0.995,
      "median_survival_error": 1.038986423035519,
      "median_survival_relative_error": 0.08516058926134544,
      "label": "High Risk"
    },
    {
      "mae": 0.015416957909222507,
      "rmse": 0.016220463653998103,
      "max_error": 0.0451517308467983,
      "iae": 0.0154767246200872,
      "concordance_correlation": 0.99042871582484,
      "r_squared": 0.9816216244351302,
      "accuracy_5pct": 1.0,
      "accuracy_3pct": 0.99,
      "accuracy_10pct": 1.0,
      "median_survival_error": 1.1209597849558701,
      "median_survival_relative_error": 0.06592683074737335,
      "label": "Medium Risk"
    },
    {
      "mae": 0.0043548586013271605,
      "rmse": 0.00527522132081384,
      "max_error": 0.02274741054783469,
      "iae": 0.004362256044264692,
      "concordance_correlation": 0.999647706687148,
      "r_squared": 0.9992961767301207,
      "accuracy_5pct": 1.0,
      "accuracy_3pct": 1.0,
      "accuracy_10pct": 1.0,
      "median_survival_error": 2.135406091114305,
      "median_survival_relative_error": 0.030219741721553027,
      "label": "Low Risk"
    }
  ],
  "aggregate": {
    "mean_mae": 0.011262841804047947,
    "mean_rmse": 0.012395701050356929,
    "mean_max_error": 0.057904466379468354,
    "mean_iae": 0.011297441331868942,
    "mean_concordance_correlation": 0.9927783460446501,
    "mean_r_squared": 0.9863035488709521,
    "mean_accuracy_5pct": 0.9983333333333334,
    "mean_accuracy_3pct": 0.9933333333333333,
    "mean_accuracy_10pct": 0.9983333333333334,
    "n_curves_detected": 3,
    "n_curves_expected": 3
  },
  "name": "hard_three_166",
  "timing": 0.07850003242492676
}