{
  "per_curve": [
    {
      "mae": 0.012547636088003324,
      "rmse": 0.019885755293169948,
      "max_error": 0.0997310303185549,
      "iae": 0.012587353038956622,
      "concordance_correlation": 0.9959435941874197,
      "r_squared": 0.992219305981116,
      "accuracy_5pct": 0.96,
      "accuracy_3pct": 0.87,
      "accuracy_10pct": 1.0,
      "median_survival_error": 0.5986238184914798,
      "median_survival_relative_error": 0.08717276368323632,
      "label": "Treatment"
    },
    {
      "mae": 0.012125770077389447,
      "rmse": 0.018520735808573465,
      "max_error": 0.08314904909332144,
      "iae": 0.01216336709864117,
      "concordance_correlation": 0.9971153138942389,
      "r_squared": 0.9944886376098491,
      "accuracy_5pct": 0.975,
      "accuracy_3pct": 0.88,
      "accuracy_10pct": 1.0,
      "median_survival_error": 0.6937747864795014,
      "median_survival_relative_error": 0.06372326333599786,
      "label": "Control"
    }
  ],
  "aggregate": {
    "mean_mae": 0.012336703082696385,
    "mean_rmse": 0.019203245550871707,
    "mean_max_error": 0.09144003970593817,
    "mean_iae": 0.012375360068798896,
    "mean_concordance_correlation": 0.9965294540408294,
    "mean_r_squared": 0.9933539717954825,
    "mean_accuracy_5pct": 0.9675,
    "mean_accuracy_3pct": 0.875,
    "mean_accuracy_10pct": 1.0,
    "n_curves_detected": 2,
    "n_curves_expected": 2
  },
  "name": "hard_lowres_149",
  "timing": 0.007711887359619141
}