{
  "per_curve": [
    {
      "mae": 0.01447207807743481,
      "rmse": 0.018816110924004165,
      "max_error": 0.07919754823779601,
      "iae": 0.014521465591149071,
      "concordance_correlation": 0.9959620748226881,
      "r_squared": 0.9924884552056241,
      "accuracy_5pct": 0.965,
      "accuracy_3pct": 0.92,
      "accuracy_10pct": 1.0,
      "median_survival_error": 0.7845610859437215,
      "median_survival_relative_error": 0.0753752540852589,
      "label": "Treatment"
    },
    {
      "mae": 0.03174343329025677,
      "rmse": 0.06844026902403232,
      "max_error": 0.2624059766450435,
      "iae": 0.03187183270144201,
      "concordance_correlation": 0.956800109469168,
      "r_squared": 0.9238103376036558,
      "accuracy_5pct": 0.835,
      "accuracy_3pct": 0.78,
      "accuracy_10pct": 0.905,
      "median_survival_error": 10.94766567731938,
      "median_survival_relative_error": 0.5204943272500173,
      "label": "Control"
    }
  ],
  "aggregate": {
    "mean_mae": 0.02310775568384579,
    "mean_rmse": 0.04362818997401824,
    "mean_max_error": 0.17080176244141976,
    "mean_iae": 0.02319664914629554,
    "mean_concordance_correlation": 0.976381092145928,
    "mean_r_squared": 0.9581493964046399,
    "mean_accuracy_5pct": 0.8999999999999999,
    "mean_accuracy_3pct": 0.8500000000000001,
    "mean_accuracy_10pct": 0.9525,
    "n_curves_detected": 2,
    "n_curves_expected": 2
  },
  "name": "hard_lowres_154",
  "timing": 0.006737947463989258
}