{
  "per_curve": [
    {
      "mae": 0.010157172602650795,
      "rmse": 0.017992919104967153,
      "max_error": 0.11764705882352988,
      "iae": 0.010177098342039009,
      "concordance_correlation": 0.9969526039104627,
      "r_squared": 0.9940851506592526,
      "accuracy_5pct": 0.98,
      "accuracy_3pct": 0.9,
      "accuracy_10pct": 0.995,
      "median_survival_error": 2.1962208131369145,
      "median_survival_relative_error": 0.07643859527482953,
      "label": "Treatment"
    },
    {
      "mae": 0.011769132466970178,
      "rmse": 0.01694231796132281,
      "max_error": 0.11174371945930772,
      "iae": 0.011797158507184118,
      "concordance_correlation": 0.9955181529957319,
      "r_squared": 0.9916570819576708,
      "accuracy_5pct": 0.98,
      "accuracy_3pct": 0.94,
      "accuracy_10pct": 0.995,
      "median_survival_error": 1.1407870579410986,
      "median_survival_relative_error": 0.09364645940091036,
      "label": "Control"
    }
  ],
  "aggregate": {
    "mean_mae": 0.010963152534810486,
    "mean_rmse": 0.017467618533144984,
    "mean_max_error": 0.1146953891414188,
    "mean_iae": 0.010987128424611563,
    "mean_concordance_correlation": 0.9962353784530973,
    "mean_r_squared": 0.9928711163084617,
    "mean_accuracy_5pct": 0.98,
    "mean_accuracy_3pct": 0.9199999999999999,
    "mean_accuracy_10pct": 0.995,
    "n_curves_detected": 2,
    "n_curves_expected": 2
  },
  "name": "hard_lowres_025",
  "timing": 0.0066530704498291016
}