{
  "per_curve": [
    {
      "mae": 0.01256352792269288,
      "rmse": 0.01790738072729208,
      "max_error": 0.06616398681713787,
      "iae": 0.012603324732111955,
      "concordance_correlation": 0.9970863768043527,
      "r_squared": 0.9944818439278975,
      "accuracy_5pct": 0.985,
      "accuracy_3pct": 0.88,
      "accuracy_10pct": 1.0,
      "median_survival_error": 2.495092323095143,
      "median_survival_relative_error": 0.09853097839263439,
      "label": "Treatment"
    },
    {
      "mae": 0.012013443864101567,
      "rmse": 0.01845197872400371,
      "max_error": 0.15074526826465795,
      "iae": 0.01205047643202018,
      "concordance_correlation": 0.9929478297619929,
      "r_squared": 0.9870922532511838,
      "accuracy_5pct": 0.97,
      "accuracy_3pct": 0.94,
      "accuracy_10pct": 0.995,
      "median_survival_error": 1.2822148778270375,
      "median_survival_relative_error": 0.1557378622119496,
      "label": "Control"
    }
  ],
  "aggregate": {
    "mean_mae": 0.012288485893397223,
    "mean_rmse": 0.018179679725647893,
    "mean_max_error": 0.10845462754089791,
    "mean_iae": 0.012326900582066067,
    "mean_concordance_correlation": 0.9950171032831728,
    "mean_r_squared": 0.9907870485895407,
    "mean_accuracy_5pct": 0.9775,
    "mean_accuracy_3pct": 0.9099999999999999,
    "mean_accuracy_10pct": 0.9975,
    "n_curves_detected": 2,
    "n_curves_expected": 2
  },
  "name": "hard_lowres_023",
  "timing": 0.005635976791381836
}