{
  "per_curve": [
    {
      "mae": 0.013199340215931317,
      "rmse": 0.013594791425452724,
      "max_error": 0.022023722826357894,
      "iae": 0.013237464678515684,
      "concordance_correlation": 0.989761646950465,
      "r_squared": 0.9797429779226492,
      "accuracy_5pct": 1.0,
      "accuracy_3pct": 1.0,
      "accuracy_10pct": 1.0,
      "label": "Arm A"
    },
    {
      "mae": 0.01926244280252288,
      "rmse": 0.020392848746749095,
      "max_error": 0.024896265560165776,
      "iae": 0.019331035117301176,
      "concordance_correlation": 0.9825564619160148,
      "r_squared": 0.9660787665933265,
      "accuracy_5pct": 1.0,
      "accuracy_3pct": 1.0,
      "accuracy_10pct": 1.0,
      "label": "Arm B"
    }
  ],
  "aggregate": {
    "mean_mae": 0.0162308915092271,
    "mean_rmse": 0.01699382008610091,
    "mean_max_error": 0.023459994193261835,
    "mean_iae": 0.01628424989790843,
    "mean_concordance_correlation": 0.9861590544332399,
    "mean_r_squared": 0.9729108722579878,
    "mean_accuracy_5pct": 1.0,
    "mean_accuracy_3pct": 1.0,
    "mean_accuracy_10pct": 1.0,
    "n_curves_detected": 2,
    "n_curves_expected": 2
  },
  "name": "hard_trunc_141",
  "timing": 0.05701613426208496
}