{
  "per_curve": [
    {
      "mae": 0.013014389468242973,
      "rmse": 0.01562286914701282,
      "max_error": 0.12152777777777701,
      "iae": 0.013074147634252593,
      "concordance_correlation": 0.9858892481324767,
      "r_squared": 0.9706850744731776,
      "accuracy_5pct": 0.995,
      "accuracy_3pct": 0.995,
      "accuracy_10pct": 0.995,
      "median_survival_error": 1.960298314518063,
      "median_survival_relative_error": 0.049892972172763596,
      "label": "Arm A"
    },
    {
      "mae": 0.031387711684703425,
      "rmse": 0.03155704997100458,
      "max_error": 0.031879409878126985,
      "iae": 0.03146533985930462,
      "concordance_correlation": 0.8885498362830235,
      "r_squared": 0.7597892221094547,
      "accuracy_5pct": 1.0,
      "accuracy_3pct": 0.03,
      "accuracy_10pct": 1.0,
      "median_survival_error": 0.3048689356836487,
      "median_survival_relative_error": 0.022116262549047583,
      "label": "Arm B"
    }
  ],
  "aggregate": {
    "mean_mae": 0.0222010505764732,
    "mean_rmse": 0.0235899595590087,
    "mean_max_error": 0.076703593827952,
    "mean_iae": 0.022269743746778606,
    "mean_concordance_correlation": 0.9372195422077501,
    "mean_r_squared": 0.8652371482913161,
    "mean_accuracy_5pct": 0.9975,
    "mean_accuracy_3pct": 0.5125,
    "mean_accuracy_10pct": 0.9975,
    "n_curves_detected": 2,
    "n_curves_expected": 2
  },
  "name": "hard_trunc_135",
  "timing": 0.04889702796936035
}