{
  "per_curve": [
    {
      "mae": 0.008770844069501025,
      "rmse": 0.010040386835362009,
      "max_error": 0.03537997778835478,
      "iae": 0.00880976138186255,
      "concordance_correlation": 0.9987586536514155,
      "r_squared": 0.9975337604521418,
      "accuracy_5pct": 1.0,
      "accuracy_3pct": 0.995,
      "accuracy_10pct": 1.0,
      "median_survival_error": 1.223909662500752,
      "median_survival_relative_error": 0.027895481136537403,
      "label": "Arm A"
    },
    {
      "mae": 0.011845747952003128,
      "rmse": 0.012468286976168677,
      "max_error": 0.03947368421052644,
      "iae": 0.011873041317667797,
      "concordance_correlation": 0.9973829303101767,
      "r_squared": 0.9947977193896194,
      "accuracy_5pct": 1.0,
      "accuracy_3pct": 0.995,
      "accuracy_10pct": 1.0,
      "median_survival_error": 0.7137348926141485,
      "median_survival_relative_error": 0.02553213804027355,
      "label": "Arm B"
    }
  ],
  "aggregate": {
    "mean_mae": 0.010308296010752076,
    "mean_rmse": 0.011254336905765343,
    "mean_max_error": 0.03742683099944061,
    "mean_iae": 0.010341401349765173,
    "mean_concordance_correlation": 0.9980707919807961,
    "mean_r_squared": 0.9961657399208805,
    "mean_accuracy_5pct": 1.0,
    "mean_accuracy_3pct": 0.995,
    "mean_accuracy_10pct": 1.0,
    "n_curves_detected": 2,
    "n_curves_expected": 2
  },
  "name": "hard_trunc_124",
  "timing": 0.05373692512512207
}