{
  "per_curve": [
    {
      "mae": 0.011653982102278557,
      "rmse": 0.01220150773449136,
      "max_error": 0.022501260584257388,
      "iae": 0.011698058557783685,
      "concordance_correlation": 0.9953309790352856,
      "r_squared": 0.9907203393395474,
      "accuracy_5pct": 1.0,
      "accuracy_3pct": 1.0,
      "accuracy_10pct": 1.0,
      "median_survival_error": 0.11283599721086679,
      "median_survival_relative_error": 0.03540252651950309,
      "label": "High Risk"
    },
    {
      "mae": 0.012322056248738625,
      "rmse": 0.013294040971426944,
      "max_error": 0.04211956521739191,
      "iae": 0.012346955665116741,
      "concordance_correlation": 0.998177512640361,
      "r_squared": 0.9964468116574109,
      "accuracy_5pct": 1.0,
      "accuracy_3pct": 0.99,
      "accuracy_10pct": 1.0,
      "median_survival_error": 0.06589759768515435,
      "median_survival_relative_error": 0.005515820498172311,
      "label": "Medium Risk"
    },
    {
      "mae": 0.004378290153481686,
      "rmse": 0.0052815402399596,
      "max_error": 0.02083333333333326,
      "iae": 0.004387414928315446,
      "concordance_correlation": 0.9998006304220426,
      "r_squared": 0.9996010307637521,
      "accuracy_5pct": 1.0,
      "accuracy_3pct": 1.0,
      "accuracy_10pct": 1.0,
      "median_survival_error": 0.25958469682197816,
      "median_survival_relative_error": 0.011431185044023422,
      "label": "Low Risk"
    }
  ],
  "aggregate": {
    "mean_mae": 0.009451442834832955,
    "mean_rmse": 0.010259029648625968,
    "mean_max_error": 0.02848471971166085,
    "mean_iae": 0.009477476383738623,
    "mean_concordance_correlation": 0.9977697073658964,
    "mean_r_squared": 0.9955893939202368,
    "mean_accuracy_5pct": 1.0,
    "mean_accuracy_3pct": 0.9966666666666667,
    "mean_accuracy_10pct": 1.0,
    "n_curves_detected": 3,
    "n_curves_expected": 3
  },
  "name": "hard_three_161",
  "timing": 0.08231806755065918
}