{
  "per_curve": [
    {
      "mae": 0.015189166643248047,
      "rmse": 0.0162340187749133,
      "max_error": 0.03205128205128216,
      "iae": 0.015250042093948408,
      "concordance_correlation": 0.9949424595942312,
      "r_squared": 0.9900217551328547,
      "accuracy_5pct": 1.0,
      "accuracy_3pct": 0.995,
      "accuracy_10pct": 1.0,
      "median_survival_error": 0.13734747442639517,
      "median_survival_relative_error": 0.01567789952264383,
      "label": "Arm A"
    },
    {
      "mae": 0.005905192614335983,
      "rmse": 0.00647887048740985,
      "max_error": 0.02287071747791436,
      "iae": 0.005923277934179849,
      "concordance_correlation": 0.9994919609119509,
      "r_squared": 0.9989891976561015,
      "accuracy_5pct": 1.0,
      "accuracy_3pct": 1.0,
      "accuracy_10pct": 1.0,
      "median_survival_error": 0.21252249242201948,
      "median_survival_relative_error": 0.013509358776843816,
      "label": "Arm B"
    }
  ],
  "aggregate": {
    "mean_mae": 0.010547179628792015,
    "mean_rmse": 0.011356444631161575,
    "mean_max_error": 0.02746099976459826,
    "mean_iae": 0.01058666001406413,
    "mean_concordance_correlation": 0.9972172102530911,
    "mean_r_squared": 0.9945054763944781,
    "mean_accuracy_5pct": 1.0,
    "mean_accuracy_3pct": 0.9975,
    "mean_accuracy_10pct": 1.0,
    "n_curves_detected": 2,
    "n_curves_expected": 2
  },
  "name": "hard_trunc_123",
  "timing": 0.05701303482055664
}