{
  "per_curve": [
    {
      "mae": 0.005336657483102444,
      "rmse": 0.006403833563570473,
      "max_error": 0.027272727272728003,
      "iae": 0.005348988588762464,
      "concordance_correlation": 0.9996737147809857,
      "r_squared": 0.999345729686619,
      "accuracy_5pct": 1.0,
      "accuracy_3pct": 1.0,
      "accuracy_10pct": 1.0,
      "median_survival_error": 0.19320503924383559,
      "median_survival_relative_error": 0.00563965137506308,
      "label": "Group 1"
    },
    {
      "mae": 0.0060569291973908215,
      "rmse": 0.007064828622116237,
      "max_error": 0.02443980630006959,
      "iae": 0.006071270173498544,
      "concordance_correlation": 0.9995123519712248,
      "r_squared": 0.9990289239453158,
      "accuracy_5pct": 1.0,
      "accuracy_3pct": 1.0,
      "accuracy_10pct": 1.0,
      "median_survival_error": 0.10109146150514192,
      "median_survival_relative_error": 0.0036724056231240555,
      "label": "Group 2"
    }
  ],
  "aggregate": {
    "mean_mae": 0.005696793340246633,
    "mean_rmse": 0.006734331092843355,
    "mean_max_error": 0.025856266786398796,
    "mean_iae": 0.0057101293811305034,
    "mean_concordance_correlation": 0.9995930333761052,
    "mean_r_squared": 0.9991873268159674,
    "mean_accuracy_5pct": 1.0,
    "mean_accuracy_3pct": 1.0,
    "mean_accuracy_10pct": 1.0,
    "n_curves_detected": 2,
    "n_curves_expected": 2
  },
  "name": "hard_overlap_197",
  "timing": 0.06199216842651367
}