{
  "per_curve": [
    {
      "mae": 0.017416637437332322,
      "rmse": 0.019715336274441417,
      "max_error": 0.025624599615631016,
      "iae": 0.017467137764205887,
      "concordance_correlation": 0.9953299656291225,
      "r_squared": 0.9909631409048735,
      "accuracy_5pct": 1.0,
      "accuracy_3pct": 1.0,
      "accuracy_10pct": 1.0,
      "median_survival_error": 0.15494334798553488,
      "median_survival_relative_error": 0.01781047858923017,
      "label": "High Risk"
    },
    {
      "mae": 0.009894836132025653,
      "rmse": 0.013178387691649782,
      "max_error": 0.028356674239087665,
      "iae": 0.009910757633196118,
      "concordance_correlation": 0.9988115414218135,
      "r_squared": 0.9976591847811745,
      "accuracy_5pct": 1.0,
      "accuracy_3pct": 1.0,
      "accuracy_10pct": 1.0,
      "median_survival_error": 0.0884034004206029,
      "median_survival_relative_error": 0.00479604080203662,
      "label": "Medium Risk"
    },
    {
      "mae": 0.0051934214342509825,
      "rmse": 0.006189962539932483,
      "max_error": 0.017556428639578958,
      "iae": 0.005203423175368053,
      "concordance_correlation": 0.9997946756005618,
      "r_squared": 0.9995911617128054,
      "accuracy_5pct": 1.0,
      "accuracy_3pct": 1.0,
      "accuracy_10pct": 1.0,
      "median_survival_error": 0.14839743507405956,
      "median_survival_relative_error": 0.0038674225702269123,
      "label": "Low Risk"
    }
  ],
  "aggregate": {
    "mean_mae": 0.010834965001202984,
    "mean_rmse": 0.013027895502007893,
    "mean_max_error": 0.023845900831432548,
    "mean_iae": 0.010860439524256686,
    "mean_concordance_correlation": 0.9979787275504992,
    "mean_r_squared": 0.9960711624662845,
    "mean_accuracy_5pct": 1.0,
    "mean_accuracy_3pct": 1.0,
    "mean_accuracy_10pct": 1.0,
    "n_curves_detected": 3,
    "n_curves_expected": 3
  },
  "name": "hard_three_031",
  "timing": 0.0772390365600586
}