{
  "per_curve": [
    {
      "mae": 0.006495657132589561,
      "rmse": 0.007581350567191642,
      "max_error": 0.020896922804464868,
      "iae": 0.0065138123570912245,
      "concordance_correlation": 0.9994002990548416,
      "r_squared": 0.9988032417543848,
      "accuracy_5pct": 1.0,
      "accuracy_3pct": 1.0,
      "accuracy_10pct": 1.0,
      "median_survival_error": 0.09335645352460986,
      "median_survival_relative_error": 0.004559304657791915,
      "label": "Group 1"
    },
    {
      "mae": 0.005670364469134885,
      "rmse": 0.006943512212537381,
      "max_error": 0.037606590547766494,
      "iae": 0.005689201250531683,
      "concordance_correlation": 0.9995542056102127,
      "r_squared": 0.9991106187088707,
      "accuracy_5pct": 1.0,
      "accuracy_3pct": 0.995,
      "accuracy_10pct": 1.0,
      "median_survival_error": 0.0748287013780704,
      "median_survival_relative_error": 0.0028040497253046226,
      "label": "Group 2"
    }
  ],
  "aggregate": {
    "mean_mae": 0.0060830108008622236,
    "mean_rmse": 0.007262431389864512,
    "mean_max_error": 0.02925175667611568,
    "mean_iae": 0.006101506803811454,
    "mean_concordance_correlation": 0.9994772523325272,
    "mean_r_squared": 0.9989569302316278,
    "mean_accuracy_5pct": 1.0,
    "mean_accuracy_3pct": 0.9975,
    "mean_accuracy_10pct": 1.0,
    "n_curves_detected": 2,
    "n_curves_expected": 2
  },
  "name": "hard_overlap_191",
  "timing": 0.061373233795166016
}