{
  "per_curve": [
    {
      "mae": 0.009103601524077727,
      "rmse": 0.009421384720458134,
      "max_error": 0.023076507709486327,
      "iae": 0.00912710749129688,
      "concordance_correlation": 0.997962912579932,
      "r_squared": 0.9959525510043016,
      "accuracy_5pct": 1.0,
      "accuracy_3pct": 1.0,
      "accuracy_10pct": 1.0,
      "median_survival_error": 0.49800898977736807,
      "median_survival_relative_error": 0.013365880552672129,
      "label": "Arm A"
    },
    {
      "mae": 0.005627667763815485,
      "rmse": 0.005960703623639583,
      "max_error": 0.01918334629378482,
      "iae": 0.005647244589714668,
      "concordance_correlation": 0.9979402702745168,
      "r_squared": 0.9958760078461446,
      "accuracy_5pct": 1.0,
      "accuracy_3pct": 1.0,
      "accuracy_10pct": 1.0,
      "median_survival_error": 0.14017744529962073,
      "median_survival_relative_error": 0.00792981346487467,
      "label": "Arm B"
    }
  ],
  "aggregate": {
    "mean_mae": 0.0073656346439466055,
    "mean_rmse": 0.007691044172048859,
    "mean_max_error": 0.021129927001635573,
    "mean_iae": 0.007387176040505775,
    "mean_concordance_correlation": 0.9979515914272243,
    "mean_r_squared": 0.9959142794252231,
    "mean_accuracy_5pct": 1.0,
    "mean_accuracy_3pct": 1.0,
    "mean_accuracy_10pct": 1.0,
    "n_curves_detected": 2,
    "n_curves_expected": 2
  },
  "name": "hard_trunc_125",
  "timing": 0.05067586898803711
}