{
  "per_curve": [
    {
      "mae": 0.007013528281441639,
      "rmse": 0.00864159493339398,
      "max_error": 0.05063291139240533,
      "iae": 0.0070262090379849965,
      "concordance_correlation": 0.9992380737423928,
      "r_squared": 0.998481557766023,
      "accuracy_5pct": 0.995,
      "accuracy_3pct": 0.995,
      "accuracy_10pct": 1.0,
      "median_survival_error": 0.5205324153946034,
      "median_survival_relative_error": 0.03990552590054597,
      "label": "Group 1"
    },
    {
      "mae": 0.009001723501296202,
      "rmse": 0.010828851857869035,
      "max_error": 0.019744891326745062,
      "iae": 0.009038900041271645,
      "concordance_correlation": 0.9987229737522639,
      "r_squared": 0.9974625397934014,
      "accuracy_5pct": 1.0,
      "accuracy_3pct": 1.0,
      "accuracy_10pct": 1.0,
      "median_survival_error": 0.1172011534465458,
      "median_survival_relative_error": 0.012474411003475818,
      "label": "Group 2"
    }
  ],
  "aggregate": {
    "mean_mae": 0.00800762589136892,
    "mean_rmse": 0.009735223395631508,
    "mean_max_error": 0.0351889013595752,
    "mean_iae": 0.00803255453962832,
    "mean_concordance_correlation": 0.9989805237473284,
    "mean_r_squared": 0.9979720487797121,
    "mean_accuracy_5pct": 0.9975,
    "mean_accuracy_3pct": 0.9975,
    "mean_accuracy_10pct": 1.0,
    "n_curves_detected": 2,
    "n_curves_expected": 2
  },
  "name": "hard_overlap_187",
  "timing": 0.06384992599487305
}