{
  "per_curve": [
    {
      "mae": 0.00597705094318463,
      "rmse": 0.006352708574154861,
      "max_error": 0.018072156275412005,
      "iae": 0.005994209691835993,
      "concordance_correlation": 0.998976320113979,
      "r_squared": 0.9979662316303081,
      "accuracy_5pct": 1.0,
      "accuracy_3pct": 1.0,
      "accuracy_10pct": 1.0,
      "median_survival_error": 0.15019411099210167,
      "median_survival_relative_error": 0.017308851319406987,
      "label": "High Risk"
    },
    {
      "mae": 0.03208254851445022,
      "rmse": 0.03575417920316558,
      "max_error": 0.041639974375400346,
      "iae": 0.03213914430001178,
      "concordance_correlation": 0.9868266808113038,
      "r_squared": 0.9749886758055359,
      "accuracy_5pct": 1.0,
      "accuracy_3pct": 0.275,
      "accuracy_10pct": 1.0,
      "median_survival_error": 0.18127783091928507,
      "median_survival_relative_error": 0.00770131261052571,
      "label": "Medium Risk"
    },
    {
      "mae": 0.005540383389542766,
      "rmse": 0.0066340816408837575,
      "max_error": 0.013985236328635908,
      "iae": 0.005553738243476356,
      "concordance_correlation": 0.9996319042393321,
      "r_squared": 0.9992673858946712,
      "accuracy_5pct": 1.0,
      "accuracy_3pct": 1.0,
      "accuracy_10pct": 1.0,
      "median_survival_error": 2.6265851014717825,
      "median_survival_relative_error": 0.059272753137624534,
      "label": "Low Risk"
    }
  ],
  "aggregate": {
    "mean_mae": 0.014533327615725873,
    "mean_rmse": 0.016246989806068066,
    "mean_max_error": 0.02456578899314942,
    "mean_iae": 0.014562364078441378,
    "mean_concordance_correlation": 0.995144968388205,
    "mean_r_squared": 0.990740764443505,
    "mean_accuracy_5pct": 1.0,
    "mean_accuracy_3pct": 0.7583333333333333,
    "mean_accuracy_10pct": 1.0,
    "n_curves_detected": 3,
    "n_curves_expected": 3
  },
  "name": "hard_three_165",
  "timing": 0.08309102058410645
}