{
  "per_curve": [
    {
      "mae": 0.02870437164248452,
      "rmse": 0.032524132933570565,
      "max_error": 0.13911804562266616,
      "iae": 0.02877082639364781,
      "concordance_correlation": 0.9877052497885813,
      "r_squared": 0.97675390993046,
      "accuracy_5pct": 0.98,
      "accuracy_3pct": 0.34,
      "accuracy_10pct": 0.99,
      "median_survival_error": 1.3395144363225508,
      "median_survival_relative_error": 0.1018793626021617,
      "label": "Treatment"
    },
    {
      "mae": 0.011520247888715465,
      "rmse": 0.016596863686681104,
      "max_error": 0.06547619047619069,
      "iae": 0.01155480208489847,
      "concordance_correlation": 0.997774066458496,
      "r_squared": 0.9956937383297436,
      "accuracy_5pct": 0.98,
      "accuracy_3pct": 0.91,
      "accuracy_10pct": 1.0,
      "median_survival_error": 1.5624610656328421,
      "median_survival_relative_error": 0.06650676326267875,
      "label": "Control"
    }
  ],
  "aggregate": {
    "mean_mae": 0.02011230976559999,
    "mean_rmse": 0.024560498310125835,
    "mean_max_error": 0.10229711804942843,
    "mean_iae": 0.02016281423927314,
    "mean_concordance_correlation": 0.9927396581235386,
    "mean_r_squared": 0.9862238241301018,
    "mean_accuracy_5pct": 0.98,
    "mean_accuracy_3pct": 0.625,
    "mean_accuracy_10pct": 0.995,
    "n_curves_detected": 2,
    "n_curves_expected": 2
  },
  "name": "hard_lowres_147",
  "timing": 0.007356166839599609
}