{
  "per_curve": [
    {
      "mae": 0.004117237379188118,
      "rmse": 0.005925890188295377,
      "max_error": 0.032786885245901454,
      "iae": 0.00412503381187804,
      "concordance_correlation": 0.9997162345559255,
      "r_squared": 0.9994303982281165,
      "accuracy_5pct": 1.0,
      "accuracy_3pct": 0.995,
      "accuracy_10pct": 1.0,
      "median_survival_error": 0.006756428540811044,
      "median_survival_relative_error": 0.00023072699172867794,
      "label": "Group 1"
    },
    {
      "mae": 0.01206564273499648,
      "rmse": 0.014458872553420798,
      "max_error": 0.0410958904109584,
      "iae": 0.01210693430195204,
      "concordance_correlation": 0.9979235862825244,
      "r_squared": 0.9959254791907101,
      "accuracy_5pct": 1.0,
      "accuracy_3pct": 0.99,
      "accuracy_10pct": 1.0,
      "median_survival_error": 0.0027719056751891458,
      "median_survival_relative_error": 0.00012468608913141543,
      "label": "Group 2"
    }
  ],
  "aggregate": {
    "mean_mae": 0.008091440057092298,
    "mean_rmse": 0.010192381370858088,
    "mean_max_error": 0.03694138782842993,
    "mean_iae": 0.00811598405691504,
    "mean_concordance_correlation": 0.998819910419225,
    "mean_r_squared": 0.9976779387094132,
    "mean_accuracy_5pct": 1.0,
    "mean_accuracy_3pct": 0.9924999999999999,
    "mean_accuracy_10pct": 1.0,
    "n_curves_detected": 2,
    "n_curves_expected": 2
  },
  "name": "hard_overlap_181",
  "timing": 0.05908393859863281
}