{
  "per_curve": [
    {
      "mae": 0.011198689916046986,
      "rmse": 0.012384033687754691,
      "max_error": 0.024590163934426146,
      "iae": 0.011238848236769,
      "concordance_correlation": 0.9981973417810065,
      "r_squared": 0.9964436799592353,
      "accuracy_5pct": 1.0,
      "accuracy_3pct": 1.0,
      "accuracy_10pct": 1.0,
      "median_survival_error": 0.15443385450743818,
      "median_survival_relative_error": 0.014486089989409203,
      "label": "High Risk"
    },
    {
      "mae": 0.006615095251219845,
      "rmse": 0.008064390209775478,
      "max_error": 0.023319502225628286,
      "iae": 0.006635443733517967,
      "concordance_correlation": 0.9995826124187396,
      "r_squared": 0.9991699745955319,
      "accuracy_5pct": 1.0,
      "accuracy_3pct": 1.0,
      "accuracy_10pct": 1.0,
      "median_survival_error": 0.09598045412358758,
      "median_survival_relative_error": 0.003898592362069752,
      "label": "Medium Risk"
    },
    {
      "mae": 0.005900125086504489,
      "rmse": 0.007213394777515922,
      "max_error": 0.023076923076922884,
      "iae": 0.005916880753904543,
      "concordance_correlation": 0.999724539858903,
      "r_squared": 0.9994507652762111,
      "accuracy_5pct": 1.0,
      "accuracy_3pct": 1.0,
      "accuracy_10pct": 1.0,
      "median_survival_error": 0.7686700390953192,
      "median_survival_relative_error": 0.018192302070435745,
      "label": "Low Risk"
    }
  ],
  "aggregate": {
    "mean_mae": 0.007904636751257106,
    "mean_rmse": 0.009220606225015363,
    "mean_max_error": 0.02366219641232577,
    "mean_iae": 0.007930390908063837,
    "mean_concordance_correlation": 0.9991681646862164,
    "mean_r_squared": 0.9983548066103262,
    "mean_accuracy_5pct": 1.0,
    "mean_accuracy_3pct": 1.0,
    "mean_accuracy_10pct": 1.0,
    "n_curves_detected": 3,
    "n_curves_expected": 3
  },
  "name": "hard_three_175",
  "timing": 0.07840490341186523
}