{
  "per_curve": [
    {
      "mae": 0.01751945461464699,
      "rmse": 0.018030321731886397,
      "max_error": 0.03513194769404515,
      "iae": 0.017580129123171244,
      "concordance_correlation": 0.989963914571125,
      "r_squared": 0.9804561152308312,
      "accuracy_5pct": 1.0,
      "accuracy_3pct": 0.99,
      "accuracy_10pct": 1.0,
      "median_survival_error": 0.034667950569981176,
      "median_survival_relative_error": 0.008774319566167168,
      "label": "High Risk"
    },
    {
      "mae": 0.003895059523942029,
      "rmse": 0.005379121174290284,
      "max_error": 0.02491707484841721,
      "iae": 0.003909105782180384,
      "concordance_correlation": 0.9998242496730106,
      "r_squared": 0.9996486951945258,
      "accuracy_5pct": 1.0,
      "accuracy_3pct": 1.0,
      "accuracy_10pct": 1.0,
      "median_survival_error": 0.34414648741524445,
      "median_survival_relative_error": 0.012476471299017125,
      "label": "Medium Risk"
    },
    {
      "mae": 0.005502765533314584,
      "rmse": 0.006417298706741391,
      "max_error": 0.027210884353741527,
      "iae": 0.005517540938197758,
      "concordance_correlation": 0.9996707001438251,
      "r_squared": 0.9993447588463675,
      "accuracy_5pct": 1.0,
      "accuracy_3pct": 1.0,
      "accuracy_10pct": 1.0,
      "median_survival_error": 0.6378921017326533,
      "median_survival_relative_error": 0.023165583579972223,
      "label": "Low Risk"
    }
  ],
  "aggregate": {
    "mean_mae": 0.0089724265573012,
    "mean_rmse": 0.009942247204306025,
    "mean_max_error": 0.029086635632067964,
    "mean_iae": 0.009002258614516463,
    "mean_concordance_correlation": 0.9964862881293203,
    "mean_r_squared": 0.9931498564239082,
    "mean_accuracy_5pct": 1.0,
    "mean_accuracy_3pct": 0.9966666666666667,
    "mean_accuracy_10pct": 1.0,
    "n_curves_detected": 3,
    "n_curves_expected": 3
  },
  "name": "hard_three_169",
  "timing": 0.09539103507995605
}