{
  "per_curve": [
    {
      "mae": 0.006383255185926819,
      "rmse": 0.006972206477967828,
      "max_error": 0.029270009265198738,
      "iae": 0.006400826992473536,
      "concordance_correlation": 0.99873533784039,
      "r_squared": 0.9974522367497676,
      "accuracy_5pct": 1.0,
      "accuracy_3pct": 1.0,
      "accuracy_10pct": 1.0,
      "median_survival_error": 0.7280580973741451,
      "median_survival_relative_error": 0.02084083888163076,
      "label": "Arm A"
    },
    {
      "mae": 0.011202108355593767,
      "rmse": 0.01242502235209424,
      "max_error": 0.06382978723404209,
      "iae": 0.011253565406487651,
      "concordance_correlation": 0.993014016318376,
      "r_squared": 0.9860470973721152,
      "accuracy_5pct": 0.995,
      "accuracy_3pct": 0.995,
      "accuracy_10pct": 1.0,
      "median_survival_error": 0.029461246879247227,
      "median_survival_relative_error": 0.0013849245314935974,
      "label": "Arm B"
    }
  ],
  "aggregate": {
    "mean_mae": 0.008792681770760293,
    "mean_rmse": 0.009698614415031035,
    "mean_max_error": 0.046549898249620414,
    "mean_iae": 0.008827196199480594,
    "mean_concordance_correlation": 0.995874677079383,
    "mean_r_squared": 0.9917496670609414,
    "mean_accuracy_5pct": 0.9975,
    "mean_accuracy_3pct": 0.9975,
    "mean_accuracy_10pct": 1.0,
    "n_curves_detected": 2,
    "n_curves_expected": 2
  },
  "name": "hard_trunc_018",
  "timing": 0.05076408386230469
}