{
  "per_curve": [
    {
      "mae": 0.008139188757198596,
      "rmse": 0.008446014774996066,
      "max_error": 0.02088754931510206,
      "iae": 0.008158681717354878,
      "concordance_correlation": 0.998947514079247,
      "r_squared": 0.9979131890443511,
      "accuracy_5pct": 1.0,
      "accuracy_3pct": 1.0,
      "accuracy_10pct": 1.0,
      "median_survival_error": 2.5965841629913626,
      "median_survival_relative_error": 0.0779131714764564,
      "label": "Arm A"
    },
    {
      "mae": 0.0031891628698723804,
      "rmse": 0.004473913005446921,
      "max_error": 0.025568504415776072,
      "iae": 0.0031995552650316192,
      "concordance_correlation": 0.9993411461859666,
      "r_squared": 0.9986752181047246,
      "accuracy_5pct": 1.0,
      "accuracy_3pct": 1.0,
      "accuracy_10pct": 1.0,
      "median_survival_error": 0.37470565123315325,
      "median_survival_relative_error": 0.02211543776883196,
      "label": "Arm B"
    }
  ],
  "aggregate": {
    "mean_mae": 0.005664175813535488,
    "mean_rmse": 0.006459963890221493,
    "mean_max_error": 0.023228026865439066,
    "mean_iae": 0.005679118491193249,
    "mean_concordance_correlation": 0.9991443301326068,
    "mean_r_squared": 0.9982942035745379,
    "mean_accuracy_5pct": 1.0,
    "mean_accuracy_3pct": 1.0,
    "mean_accuracy_10pct": 1.0,
    "n_curves_detected": 2,
    "n_curves_expected": 2
  },
  "name": "hard_trunc_138",
  "timing": 0.054006099700927734
}