{
  "per_curve": [
    {
      "mae": 0.011883882574671713,
      "rmse": 0.016525186556433966,
      "max_error": 0.06330834679409514,
      "iae": 0.011904706416350996,
      "concordance_correlation": 0.9976242523681341,
      "r_squared": 0.9954128113037198,
      "accuracy_5pct": 0.98,
      "accuracy_3pct": 0.89,
      "accuracy_10pct": 1.0,
      "median_survival_error": 1.3090814365884071,
      "median_survival_relative_error": 0.05739021361229794,
      "label": "Treatment"
    },
    {
      "mae": 0.010253688704834674,
      "rmse": 0.016806959322600346,
      "max_error": 0.11703658483408153,
      "iae": 0.010281878282003203,
      "concordance_correlation": 0.9960185764819998,
      "r_squared": 0.9925569199590172,
      "accuracy_5pct": 0.98,
      "accuracy_3pct": 0.92,
      "accuracy_10pct": 0.995,
      "median_survival_error": 1.3935281578767658,
      "median_survival_relative_error": 0.10598007225646619,
      "label": "Control"
    }
  ],
  "aggregate": {
    "mean_mae": 0.011068785639753193,
    "mean_rmse": 0.016666072939517156,
    "mean_max_error": 0.09017246581408833,
    "mean_iae": 0.0110932923491771,
    "mean_concordance_correlation": 0.9968214144250669,
    "mean_r_squared": 0.9939848656313686,
    "mean_accuracy_5pct": 0.98,
    "mean_accuracy_3pct": 0.905,
    "mean_accuracy_10pct": 0.9975,
    "n_curves_detected": 2,
    "n_curves_expected": 2
  },
  "name": "hard_lowres_145",
  "timing": 0.007570981979370117
}