{
  "per_curve": [
    {
      "mae": 0.005440121973710716,
      "rmse": 0.007515691282844363,
      "max_error": 0.05491738788355627,
      "iae": 0.00545780175764307,
      "concordance_correlation": 0.9994620115625968,
      "r_squared": 0.998915382172352,
      "accuracy_5pct": 0.995,
      "accuracy_3pct": 0.99,
      "accuracy_10pct": 1.0,
      "median_survival_error": 0.18809628484088137,
      "median_survival_relative_error": 0.012520953854045903,
      "label": "Group 1"
    },
    {
      "mae": 0.007341254663901826,
      "rmse": 0.008531726196420297,
      "max_error": 0.03783783783783756,
      "iae": 0.007368487878438154,
      "concordance_correlation": 0.9992768504097216,
      "r_squared": 0.9985587318898275,
      "accuracy_5pct": 1.0,
      "accuracy_3pct": 0.995,
      "accuracy_10pct": 1.0,
      "median_survival_error": 0.12178022493022311,
      "median_survival_relative_error": 0.008177004241982488,
      "label": "Group 2"
    }
  ],
  "aggregate": {
    "mean_mae": 0.006390688318806272,
    "mean_rmse": 0.00802370873963233,
    "mean_max_error": 0.046377612860696915,
    "mean_iae": 0.006413144818040612,
    "mean_concordance_correlation": 0.9993694309861592,
    "mean_r_squared": 0.9987370570310897,
    "mean_accuracy_5pct": 0.9975,
    "mean_accuracy_3pct": 0.9924999999999999,
    "mean_accuracy_10pct": 1.0,
    "n_curves_detected": 2,
    "n_curves_expected": 2
  },
  "name": "hard_overlap_035",
  "timing": 0.05620908737182617
}