{
  "per_curve": [
    {
      "mae": 0.012593816080279287,
      "rmse": 0.019539904218585973,
      "max_error": 0.09215288620877382,
      "iae": 0.012633765091495277,
      "concordance_correlation": 0.9962942575736274,
      "r_squared": 0.9927857633307352,
      "accuracy_5pct": 0.96,
      "accuracy_3pct": 0.895,
      "accuracy_10pct": 1.0,
      "median_survival_error": 0.6457954985687344,
      "median_survival_relative_error": 0.0415790136888668,
      "label": "Treatment"
    },
    {
      "mae": 0.012296149074383478,
      "rmse": 0.016431828673914583,
      "max_error": 0.051386547949253125,
      "iae": 0.012326823439257785,
      "concordance_correlation": 0.9976391828928896,
      "r_squared": 0.9954504497284675,
      "accuracy_5pct": 0.995,
      "accuracy_3pct": 0.925,
      "accuracy_10pct": 1.0,
      "median_survival_error": 1.9597678799785108,
      "median_survival_relative_error": 0.11379297612571147,
      "label": "Control"
    }
  ],
  "aggregate": {
    "mean_mae": 0.012444982577331383,
    "mean_rmse": 0.017985866446250276,
    "mean_max_error": 0.07176971707901347,
    "mean_iae": 0.012480294265376531,
    "mean_concordance_correlation": 0.9969667202332585,
    "mean_r_squared": 0.9941181065296014,
    "mean_accuracy_5pct": 0.9775,
    "mean_accuracy_3pct": 0.91,
    "mean_accuracy_10pct": 1.0,
    "n_curves_detected": 2,
    "n_curves_expected": 2
  },
  "name": "hard_lowres_152",
  "timing": 0.006682872772216797
}