{
  "per_curve": [
    {
      "mae": 0.011647926896055196,
      "rmse": 0.012961828372799888,
      "max_error": 0.07272727272727342,
      "iae": 0.011686152398264607,
      "concordance_correlation": 0.991143831422082,
      "r_squared": 0.9819383059825189,
      "accuracy_5pct": 0.995,
      "accuracy_3pct": 0.985,
      "accuracy_10pct": 1.0,
      "median_survival_error": 0.8137665992464136,
      "median_survival_relative_error": 0.031053747019258154,
      "label": "Arm A"
    },
    {
      "mae": 0.005163865765546873,
      "rmse": 0.0075886412706765265,
      "max_error": 0.07228915662650603,
      "iae": 0.005185946879031189,
      "concordance_correlation": 0.9962254003895412,
      "r_squared": 0.9921641494437105,
      "accuracy_5pct": 0.995,
      "accuracy_3pct": 0.995,
      "accuracy_10pct": 1.0,
      "median_survival_error": 1.349233670011074,
      "median_survival_relative_error": 0.07562139239997884,
      "label": "Arm B"
    }
  ],
  "aggregate": {
    "mean_mae": 0.008405896330801035,
    "mean_rmse": 0.010275234821738206,
    "mean_max_error": 0.07250821467688973,
    "mean_iae": 0.008436049638647898,
    "mean_concordance_correlation": 0.9936846159058116,
    "mean_r_squared": 0.9870512277131147,
    "mean_accuracy_5pct": 0.995,
    "mean_accuracy_3pct": 0.99,
    "mean_accuracy_10pct": 1.0,
    "n_curves_detected": 2,
    "n_curves_expected": 2
  },
  "name": "hard_trunc_022",
  "timing": 0.04811382293701172
}