{
  "per_curve": [
    {
      "mae": 0.010981695155362457,
      "rmse": 0.015961860779490654,
      "max_error": 0.06212554649970292,
      "iae": 0.011013543056402984,
      "concordance_correlation": 0.9976446764976415,
      "r_squared": 0.9954637590258505,
      "accuracy_5pct": 0.985,
      "accuracy_3pct": 0.91,
      "accuracy_10pct": 1.0,
      "median_survival_error": 1.7117323242508924,
      "median_survival_relative_error": 0.05492489825956906,
      "label": "Treatment"
    },
    {
      "mae": 0.013844725416007071,
      "rmse": 0.018287278010665965,
      "max_error": 0.09397574819401433,
      "iae": 0.013890960403784507,
      "concordance_correlation": 0.9952562001316934,
      "r_squared": 0.991211161934172,
      "accuracy_5pct": 0.975,
      "accuracy_3pct": 0.935,
      "accuracy_10pct": 1.0,
      "median_survival_error": 1.7543201397579136,
      "median_survival_relative_error": 0.10498534826057648,
      "label": "Control"
    }
  ],
  "aggregate": {
    "mean_mae": 0.012413210285684765,
    "mean_rmse": 0.01712456939507831,
    "mean_max_error": 0.07805064734685863,
    "mean_iae": 0.012452251730093745,
    "mean_concordance_correlation": 0.9964504383146675,
    "mean_r_squared": 0.9933374604800113,
    "mean_accuracy_5pct": 0.98,
    "mean_accuracy_3pct": 0.9225000000000001,
    "mean_accuracy_10pct": 1.0,
    "n_curves_detected": 2,
    "n_curves_expected": 2
  },
  "name": "hard_lowres_159",
  "timing": 0.006443977355957031
}