{
  "per_curve": [
    {
      "mae": 0.019716479058057398,
      "rmse": 0.02043766736826238,
      "max_error": 0.02325667008303345,
      "iae": 0.01979621703869668,
      "concordance_correlation": 0.9801232352057417,
      "r_squared": 0.9610722555220175,
      "accuracy_5pct": 1.0,
      "accuracy_3pct": 1.0,
      "accuracy_10pct": 1.0,
      "median_survival_error": 0.3141979400779249,
      "median_survival_relative_error": 0.03164701172466881,
      "label": "Arm A"
    },
    {
      "mae": 0.008968147330189824,
      "rmse": 0.009673568574312934,
      "max_error": 0.025822479204939408,
      "iae": 0.009005477475746876,
      "concordance_correlation": 0.9972340009928063,
      "r_squared": 0.9944803232921634,
      "accuracy_5pct": 1.0,
      "accuracy_3pct": 1.0,
      "accuracy_10pct": 1.0,
      "median_survival_error": 1.13297363563591,
      "median_survival_relative_error": 0.058848542459252855,
      "label": "Arm B"
    }
  ],
  "aggregate": {
    "mean_mae": 0.014342313194123612,
    "mean_rmse": 0.015055617971287657,
    "mean_max_error": 0.024539574643986428,
    "mean_iae": 0.014400847257221776,
    "mean_concordance_correlation": 0.988678618099274,
    "mean_r_squared": 0.9777762894070905,
    "mean_accuracy_5pct": 1.0,
    "mean_accuracy_3pct": 1.0,
    "mean_accuracy_10pct": 1.0,
    "n_curves_detected": 2,
    "n_curves_expected": 2
  },
  "name": "hard_trunc_128",
  "timing": 0.05058622360229492
}