{
  "per_curve": [
    {
      "mae": 0.012979814070434262,
      "rmse": 0.01801285746815236,
      "max_error": 0.06839564974707613,
      "iae": 0.013006145105559586,
      "concordance_correlation": 0.997262242474258,
      "r_squared": 0.9946944827741073,
      "accuracy_5pct": 0.97,
      "accuracy_3pct": 0.89,
      "accuracy_10pct": 1.0,
      "median_survival_error": 2.412182686791347,
      "median_survival_relative_error": 0.11998055672699798,
      "label": "Treatment"
    },
    {
      "mae": 0.020705048097851057,
      "rmse": 0.02480752068738902,
      "max_error": 0.1013670991755663,
      "iae": 0.020762420572229233,
      "concordance_correlation": 0.9907460411213652,
      "r_squared": 0.9831067917686025,
      "accuracy_5pct": 0.97,
      "accuracy_3pct": 0.94,
      "accuracy_10pct": 0.995,
      "median_survival_error": 0.7399196260663139,
      "median_survival_relative_error": 0.09163721806892458,
      "label": "Control"
    }
  ],
  "aggregate": {
    "mean_mae": 0.01684243108414266,
    "mean_rmse": 0.02141018907777069,
    "mean_max_error": 0.08488137446132121,
    "mean_iae": 0.01688428283889441,
    "mean_concordance_correlation": 0.9940041417978116,
    "mean_r_squared": 0.9889006372713549,
    "mean_accuracy_5pct": 0.97,
    "mean_accuracy_3pct": 0.915,
    "mean_accuracy_10pct": 0.9975,
    "n_curves_detected": 2,
    "n_curves_expected": 2
  },
  "name": "hard_lowres_026",
  "timing": 0.00612187385559082
}