{
  "per_curve": [
    {
      "mae": 0.00524258327941152,
      "rmse": 0.007175573933147699,
      "max_error": 0.04545454545454608,
      "iae": 0.005251222479573641,
      "concordance_correlation": 0.9993534445197421,
      "r_squared": 0.998696270359237,
      "accuracy_5pct": 1.0,
      "accuracy_3pct": 0.995,
      "accuracy_10pct": 1.0,
      "median_survival_error": 0.11476351772622095,
      "median_survival_relative_error": 0.008466573708267294,
      "label": "Group 1"
    },
    {
      "mae": 0.008412468550612912,
      "rmse": 0.009106308076418325,
      "max_error": 0.018159117161015682,
      "iae": 0.00844347516410158,
      "concordance_correlation": 0.998776941616656,
      "r_squared": 0.9975730086733549,
      "accuracy_5pct": 1.0,
      "accuracy_3pct": 1.0,
      "accuracy_10pct": 1.0,
      "median_survival_error": 0.16665928034860578,
      "median_survival_relative_error": 0.015708871739947818,
      "label": "Group 2"
    }
  ],
  "aggregate": {
    "mean_mae": 0.006827525915012216,
    "mean_rmse": 0.008140941004783013,
    "mean_max_error": 0.03180683130778088,
    "mean_iae": 0.006847348821837611,
    "mean_concordance_correlation": 0.9990651930681991,
    "mean_r_squared": 0.998134639516296,
    "mean_accuracy_5pct": 1.0,
    "mean_accuracy_3pct": 0.9975,
    "mean_accuracy_10pct": 1.0,
    "n_curves_detected": 2,
    "n_curves_expected": 2
  },
  "name": "hard_overlap_177",
  "timing": 0.05873274803161621
}