{
  "per_curve": [
    {
      "mae": 0.0088518854703293,
      "rmse": 0.009438795943801535,
      "max_error": 0.03687611408199676,
      "iae": 0.008884279929631077,
      "concordance_correlation": 0.9947483541375158,
      "r_squared": 0.9893998260445973,
      "accuracy_5pct": 1.0,
      "accuracy_3pct": 0.995,
      "accuracy_10pct": 1.0,
      "label": "Arm A"
    },
    {
      "mae": 0.013166800906082868,
      "rmse": 0.01369165377831283,
      "max_error": 0.021761085256506663,
      "iae": 0.013225713308417125,
      "concordance_correlation": 0.978935493558593,
      "r_squared": 0.9571106853639989,
      "accuracy_5pct": 1.0,
      "accuracy_3pct": 1.0,
      "accuracy_10pct": 1.0,
      "label": "Arm B"
    }
  ],
  "aggregate": {
    "mean_mae": 0.011009343188206084,
    "mean_rmse": 0.011565224861057183,
    "mean_max_error": 0.02931859966925171,
    "mean_iae": 0.0110549966190241,
    "mean_concordance_correlation": 0.9868419238480544,
    "mean_r_squared": 0.9732552557042982,
    "mean_accuracy_5pct": 1.0,
    "mean_accuracy_3pct": 0.9975,
    "mean_accuracy_10pct": 1.0,
    "n_curves_detected": 2,
    "n_curves_expected": 2
  },
  "name": "hard_trunc_019",
  "timing": 0.04877305030822754
}