{
  "per_curve": [
    {
      "mae": 0.025266190645866455,
      "rmse": 0.026037993326035902,
      "max_error": 0.030356436374667728,
      "iae": 0.025355927306130267,
      "concordance_correlation": 0.9781416421459825,
      "r_squared": 0.9572382663160091,
      "accuracy_5pct": 1.0,
      "accuracy_3pct": 0.995,
      "accuracy_10pct": 1.0,
      "median_survival_error": 0.7266394735820292,
      "median_survival_relative_error": 0.02489007350987537,
      "label": "Arm A"
    },
    {
      "mae": 0.00585689085957264,
      "rmse": 0.006414837855764885,
      "max_error": 0.023525248280285682,
      "iae": 0.005872784609431859,
      "concordance_correlation": 0.9981927013058988,
      "r_squared": 0.9963421481243402,
      "accuracy_5pct": 1.0,
      "accuracy_3pct": 1.0,
      "accuracy_10pct": 1.0,
      "median_survival_error": 1.0381798640691535,
      "median_survival_relative_error": 0.040967442510393116,
      "label": "Arm B"
    }
  ],
  "aggregate": {
    "mean_mae": 0.015561540752719547,
    "mean_rmse": 0.016226415590900392,
    "mean_max_error": 0.026940842327476705,
    "mean_iae": 0.015614355957781063,
    "mean_concordance_correlation": 0.9881671717259406,
    "mean_r_squared": 0.9767902072201746,
    "mean_accuracy_5pct": 1.0,
    "mean_accuracy_3pct": 0.9975,
    "mean_accuracy_10pct": 1.0,
    "n_curves_detected": 2,
    "n_curves_expected": 2
  },
  "name": "hard_trunc_134",
  "timing": 0.05168914794921875
}