{
  "per_curve": [
    {
      "mae": 0.006196631298608304,
      "rmse": 0.006901856873276688,
      "max_error": 0.03745040743116479,
      "iae": 0.0062131041316462665,
      "concordance_correlation": 0.9966906220439091,
      "r_squared": 0.9933779056208009,
      "accuracy_5pct": 1.0,
      "accuracy_3pct": 0.995,
      "accuracy_10pct": 1.0,
      "median_survival_error": 0.5175052218431802,
      "median_survival_relative_error": 0.017147460487955044,
      "label": "Arm A"
    },
    {
      "mae": 0.028666263041457737,
      "rmse": 0.029012027685944655,
      "max_error": 0.06967625872759564,
      "iae": 0.028739240836403057,
      "concordance_correlation": 0.916718442352462,
      "r_squared": 0.8161857587116714,
      "accuracy_5pct": 0.985,
      "accuracy_3pct": 0.98,
      "accuracy_10pct": 1.0,
      "median_survival_error": 0.9206849948125821,
      "median_survival_relative_error": 0.08290870304633634,
      "label": "Arm B"
    }
  ],
  "aggregate": {
    "mean_mae": 0.01743144717003302,
    "mean_rmse": 0.01795694227961067,
    "mean_max_error": 0.053563333079380215,
    "mean_iae": 0.017476172484024662,
    "mean_concordance_correlation": 0.9567045321981855,
    "mean_r_squared": 0.9047818321662362,
    "mean_accuracy_5pct": 0.9924999999999999,
    "mean_accuracy_3pct": 0.9875,
    "mean_accuracy_10pct": 1.0,
    "n_curves_detected": 2,
    "n_curves_expected": 2
  },
  "name": "hard_trunc_132",
  "timing": 0.04909491539001465
}