{
  "per_curve": [
    {
      "mae": 0.005840303200078174,
      "rmse": 0.007017936317119075,
      "max_error": 0.021582733812949062,
      "iae": 0.005856774774141064,
      "concordance_correlation": 0.9997172565170004,
      "r_squared": 0.9994368700129476,
      "accuracy_5pct": 1.0,
      "accuracy_3pct": 1.0,
      "accuracy_10pct": 1.0,
      "median_survival_error": 0.34468018603052997,
      "median_survival_relative_error": 0.011436221042082435,
      "label": "Group 1"
    },
    {
      "mae": 0.005578851069971823,
      "rmse": 0.006921976410671004,
      "max_error": 0.018969873235102797,
      "iae": 0.005595618399638174,
      "concordance_correlation": 0.999636691466399,
      "r_squared": 0.9992758753774833,
      "accuracy_5pct": 1.0,
      "accuracy_3pct": 1.0,
      "accuracy_10pct": 1.0,
      "median_survival_error": 0.5838667600836196,
      "median_survival_relative_error": 0.02330797579973987,
      "label": "Group 2"
    }
  ],
  "aggregate": {
    "mean_mae": 0.0057095771350249985,
    "mean_rmse": 0.006969956363895039,
    "mean_max_error": 0.02027630352402593,
    "mean_iae": 0.00572619658688962,
    "mean_concordance_correlation": 0.9996769739916997,
    "mean_r_squared": 0.9993563726952155,
    "mean_accuracy_5pct": 1.0,
    "mean_accuracy_3pct": 1.0,
    "mean_accuracy_10pct": 1.0,
    "n_curves_detected": 2,
    "n_curves_expected": 2
  },
  "name": "hard_overlap_176",
  "timing": 0.06636977195739746
}