{
  "per_curve": [
    {
      "mae": 0.004525312361111999,
      "rmse": 0.005940464537486989,
      "max_error": 0.030973451327433787,
      "iae": 0.004540004697218205,
      "concordance_correlation": 0.9996731762681776,
      "r_squared": 0.999343669435474,
      "accuracy_5pct": 1.0,
      "accuracy_3pct": 0.995,
      "accuracy_10pct": 1.0,
      "median_survival_error": 0.340090546137354,
      "median_survival_relative_error": 0.009293222373199404,
      "label": "Group 1"
    },
    {
      "mae": 0.004717325368883385,
      "rmse": 0.005717704817876673,
      "max_error": 0.018596719409618823,
      "iae": 0.004720105911251945,
      "concordance_correlation": 0.9995997974643704,
      "r_squared": 0.999194098756623,
      "accuracy_5pct": 1.0,
      "accuracy_3pct": 1.0,
      "accuracy_10pct": 1.0,
      "median_survival_error": 0.16780913265370856,
      "median_survival_relative_error": 0.006104290393721569,
      "label": "Group 2"
    }
  ],
  "aggregate": {
    "mean_mae": 0.0046213188649976925,
    "mean_rmse": 0.005829084677681831,
    "mean_max_error": 0.024785085368526305,
    "mean_iae": 0.004630055304235076,
    "mean_concordance_correlation": 0.999636486866274,
    "mean_r_squared": 0.9992688840960485,
    "mean_accuracy_5pct": 1.0,
    "mean_accuracy_3pct": 0.9975,
    "mean_accuracy_10pct": 1.0,
    "n_curves_detected": 2,
    "n_curves_expected": 2
  },
  "name": "hard_overlap_194",
  "timing": 0.06237006187438965
}