{
  "per_curve": [
    {
      "mae": 0.019576165404657717,
      "rmse": 0.023660428205069844,
      "max_error": 0.08313908313908291,
      "iae": 0.019603203504197628,
      "concordance_correlation": 0.9951632408690976,
      "r_squared": 0.9907519377394461,
      "accuracy_5pct": 0.985,
      "accuracy_3pct": 0.83,
      "accuracy_10pct": 1.0,
      "median_survival_error": 2.69135087373774,
      "median_survival_relative_error": 0.10967162735544882,
      "label": "Treatment"
    },
    {
      "mae": 0.017615911091630538,
      "rmse": 0.022418755959877548,
      "max_error": 0.08968661493472063,
      "iae": 0.017680655060941554,
      "concordance_correlation": 0.9947959359593862,
      "r_squared": 0.9902398308461412,
      "accuracy_5pct": 0.97,
      "accuracy_3pct": 0.82,
      "accuracy_10pct": 1.0,
      "median_survival_error": 1.9408349499329027,
      "median_survival_relative_error": 0.10526368672890242,
      "label": "Control"
    }
  ],
  "aggregate": {
    "mean_mae": 0.018596038248144126,
    "mean_rmse": 0.023039592082473696,
    "mean_max_error": 0.08641284903690177,
    "mean_iae": 0.01864192928256959,
    "mean_concordance_correlation": 0.9949795884142418,
    "mean_r_squared": 0.9904958842927937,
    "mean_accuracy_5pct": 0.9775,
    "mean_accuracy_3pct": 0.825,
    "mean_accuracy_10pct": 1.0,
    "n_curves_detected": 2,
    "n_curves_expected": 2
  },
  "name": "hard_lowres_155",
  "timing": 0.006376028060913086
}