{
  "per_curve": [
    {
      "mae": 0.0062598940100319946,
      "rmse": 0.008796056014096571,
      "max_error": 0.08130081300812941,
      "iae": 0.006272035739015347,
      "concordance_correlation": 0.9989675106876071,
      "r_squared": 0.9979167114901363,
      "accuracy_5pct": 0.995,
      "accuracy_3pct": 0.995,
      "accuracy_10pct": 1.0,
      "median_survival_error": 0.44816724999841284,
      "median_survival_relative_error": 0.015102735794230267,
      "label": "Group 1"
    },
    {
      "mae": 0.006810771925253427,
      "rmse": 0.008282258688003996,
      "max_error": 0.0393416573121369,
      "iae": 0.0068369489827874805,
      "concordance_correlation": 0.9989244206186085,
      "r_squared": 0.9978448879171324,
      "accuracy_5pct": 1.0,
      "accuracy_3pct": 0.995,
      "accuracy_10pct": 1.0,
      "median_survival_error": 0.78785061942121,
      "median_survival_relative_error": 0.032340901342845244,
      "label": "Group 2"
    }
  ],
  "aggregate": {
    "mean_mae": 0.00653533296764271,
    "mean_rmse": 0.008539157351050285,
    "mean_max_error": 0.06032123516013316,
    "mean_iae": 0.006554492360901413,
    "mean_concordance_correlation": 0.9989459656531079,
    "mean_r_squared": 0.9978807997036343,
    "mean_accuracy_5pct": 0.9975,
    "mean_accuracy_3pct": 0.995,
    "mean_accuracy_10pct": 1.0,
    "n_curves_detected": 2,
    "n_curves_expected": 2
  },
  "name": "hard_overlap_184",
  "timing": 0.06050300598144531
}