{
  "per_curve": [
    {
      "mae": 0.011486811035797198,
      "rmse": 0.013516500313356885,
      "max_error": 0.09618384111469214,
      "iae": 0.011540021083485308,
      "concordance_correlation": 0.9921333078868785,
      "r_squared": 0.983823620344687,
      "accuracy_5pct": 0.995,
      "accuracy_3pct": 0.99,
      "accuracy_10pct": 1.0,
      "median_survival_error": 0.4015351579503452,
      "median_survival_relative_error": 0.01918353275814124,
      "label": "Arm A"
    },
    {
      "mae": 0.012811169132931765,
      "rmse": 0.013543964939250069,
      "max_error": 0.02873053019353311,
      "iae": 0.012860880849559296,
      "concordance_correlation": 0.9930108566389291,
      "r_squared": 0.9861671026048926,
      "accuracy_5pct": 1.0,
      "accuracy_3pct": 1.0,
      "accuracy_10pct": 1.0,
      "median_survival_error": 0.23311176831594338,
      "median_survival_relative_error": 0.008638936408983834,
      "label": "Arm B"
    }
  ],
  "aggregate": {
    "mean_mae": 0.012148990084364483,
    "mean_rmse": 0.013530232626303478,
    "mean_max_error": 0.062457185654112624,
    "mean_iae": 0.012200450966522301,
    "mean_concordance_correlation": 0.9925720822629038,
    "mean_r_squared": 0.9849953614747897,
    "mean_accuracy_5pct": 0.9975,
    "mean_accuracy_3pct": 0.995,
    "mean_accuracy_10pct": 1.0,
    "n_curves_detected": 2,
    "n_curves_expected": 2
  },
  "name": "hard_trunc_136",
  "timing": 0.05066800117492676
}