{
  "per_curve": [
    {
      "mae": 0.004693743030281076,
      "rmse": 0.006542669096192043,
      "max_error": 0.019218449711723262,
      "iae": 0.004704452995450512,
      "concordance_correlation": 0.9995746008040544,
      "r_squared": 0.9991466136154251,
      "accuracy_5pct": 1.0,
      "accuracy_3pct": 1.0,
      "accuracy_10pct": 1.0,
      "median_survival_error": 0.25143939657703385,
      "median_survival_relative_error": 0.007626923698850307,
      "label": "Group 1"
    },
    {
      "mae": 0.009119005367057696,
      "rmse": 0.011059627015512136,
      "max_error": 0.01669635094964439,
      "iae": 0.009155172002212898,
      "concordance_correlation": 0.9986804353013327,
      "r_squared": 0.9973887247329118,
      "accuracy_5pct": 1.0,
      "accuracy_3pct": 1.0,
      "accuracy_10pct": 1.0,
      "median_survival_error": 2.31368315715088,
      "median_survival_relative_error": 0.07956804185630638,
      "label": "Group 2"
    }
  ],
  "aggregate": {
    "mean_mae": 0.006906374198669386,
    "mean_rmse": 0.008801148055852089,
    "mean_max_error": 0.017957400330683826,
    "mean_iae": 0.006929812498831706,
    "mean_concordance_correlation": 0.9991275180526935,
    "mean_r_squared": 0.9982676691741685,
    "mean_accuracy_5pct": 1.0,
    "mean_accuracy_3pct": 1.0,
    "mean_accuracy_10pct": 1.0,
    "n_curves_detected": 2,
    "n_curves_expected": 2
  },
  "name": "hard_overlap_182",
  "timing": 0.06418204307556152
}