{
  "per_curve": [
    {
      "mae": 0.008030360223544737,
      "rmse": 0.009286283273662549,
      "max_error": 0.028062991257872816,
      "iae": 0.00805783710928334,
      "concordance_correlation": 0.9988012363802548,
      "r_squared": 0.9976469879285627,
      "accuracy_5pct": 1.0,
      "accuracy_3pct": 1.0,
      "accuracy_10pct": 1.0,
      "median_survival_error": 0.295477335057436,
      "median_survival_relative_error": 0.027409777597819367,
      "label": "High Risk"
    },
    {
      "mae": 0.0071372638174173955,
      "rmse": 0.007741571116160993,
      "max_error": 0.02217028363982043,
      "iae": 0.007155424025308188,
      "concordance_correlation": 0.9992164264108475,
      "r_squared": 0.9984510487062718,
      "accuracy_5pct": 1.0,
      "accuracy_3pct": 1.0,
      "accuracy_10pct": 1.0,
      "median_survival_error": 0.007962202589160583,
      "median_survival_relative_error": 0.0006756879016135217,
      "label": "Medium Risk"
    },
    {
      "mae": 0.004619126221687063,
      "rmse": 0.006077785565665926,
      "max_error": 0.015267175572518887,
      "iae": 0.004629461228019344,
      "concordance_correlation": 0.9998376889811607,
      "r_squared": 0.9996775842404771,
      "accuracy_5pct": 1.0,
      "accuracy_3pct": 1.0,
      "accuracy_10pct": 1.0,
      "median_survival_error": 0.06229787135674769,
      "median_survival_relative_error": 0.0010102481023716232,
      "label": "Low Risk"
    }
  ],
  "aggregate": {
    "mean_mae": 0.006595583420883066,
    "mean_rmse": 0.007701879985163157,
    "mean_max_error": 0.02183348349007071,
    "mean_iae": 0.006614240787536957,
    "mean_concordance_correlation": 0.9992851172574211,
    "mean_r_squared": 0.9985918736251039,
    "mean_accuracy_5pct": 1.0,
    "mean_accuracy_3pct": 1.0,
    "mean_accuracy_10pct": 1.0,
    "n_curves_detected": 3,
    "n_curves_expected": 3
  },
  "name": "hard_three_160",
  "timing": 0.08162689208984375
}