{
  "per_curve": [
    {
      "mae": 0.012116474076811969,
      "rmse": 0.018167939926817648,
      "max_error": 0.07206823027718567,
      "iae": 0.012146245552251248,
      "concordance_correlation": 0.9973884540148225,
      "r_squared": 0.9949354405293295,
      "accuracy_5pct": 0.985,
      "accuracy_3pct": 0.9,
      "accuracy_10pct": 1.0,
      "median_survival_error": 3.148623992718889,
      "median_survival_relative_error": 0.07904527365333618,
      "label": "Treatment"
    },
    {
      "mae": 0.030439731286043364,
      "rmse": 0.034428409226005006,
      "max_error": 0.23136461062157643,
      "iae": 0.03054602176639236,
      "concordance_correlation": 0.9579494372452991,
      "r_squared": 0.9257680223316456,
      "accuracy_5pct": 0.985,
      "accuracy_3pct": 0.13,
      "accuracy_10pct": 0.995,
      "median_survival_error": 0.4059507198450514,
      "median_survival_relative_error": 0.09283572612960467,
      "label": "Control"
    }
  ],
  "aggregate": {
    "mean_mae": 0.021278102681427664,
    "mean_rmse": 0.02629817457641133,
    "mean_max_error": 0.15171642044938105,
    "mean_iae": 0.021346133659321802,
    "mean_concordance_correlation": 0.9776689456300608,
    "mean_r_squared": 0.9603517314304875,
    "mean_accuracy_5pct": 0.985,
    "mean_accuracy_3pct": 0.515,
    "mean_accuracy_10pct": 0.9975,
    "n_curves_detected": 2,
    "n_curves_expected": 2
  },
  "name": "hard_lowres_158",
  "timing": 0.00652313232421875
}