{
  "per_curve": [
    {
      "mae": 0.005631369545545845,
      "rmse": 0.006053221429912867,
      "max_error": 0.01681989879552437,
      "iae": 0.005648386332886997,
      "concordance_correlation": 0.9990905621704698,
      "r_squared": 0.9981722440850772,
      "accuracy_5pct": 1.0,
      "accuracy_3pct": 1.0,
      "accuracy_10pct": 1.0,
      "median_survival_error": 0.40770543867585474,
      "median_survival_relative_error": 0.01638106277416504,
      "label": "Arm A"
    },
    {
      "mae": 0.0209020389295482,
      "rmse": 0.021766071706319175,
      "max_error": 0.02565618310713169,
      "iae": 0.020981126731260954,
      "concordance_correlation": 0.9784755813155056,
      "r_squared": 0.9572678282079914,
      "accuracy_5pct": 1.0,
      "accuracy_3pct": 1.0,
      "accuracy_10pct": 1.0,
      "median_survival_error": 0.29288363218884683,
      "median_survival_relative_error": 0.020837298867279266,
      "label": "Arm B"
    }
  ],
  "aggregate": {
    "mean_mae": 0.013266704237547023,
    "mean_rmse": 0.01390964656811602,
    "mean_max_error": 0.02123804095132803,
    "mean_iae": 0.013314756532073976,
    "mean_concordance_correlation": 0.9887830717429877,
    "mean_r_squared": 0.9777200361465344,
    "mean_accuracy_5pct": 1.0,
    "mean_accuracy_3pct": 1.0,
    "mean_accuracy_10pct": 1.0,
    "n_curves_detected": 2,
    "n_curves_expected": 2
  },
  "name": "hard_trunc_137",
  "timing": 0.05095219612121582
}