{
  "per_curve": [
    {
      "mae": 0.014842950610710694,
      "rmse": 0.01950868429149289,
      "max_error": 0.09174906824459039,
      "iae": 0.014894201805496688,
      "concordance_correlation": 0.9971280455514141,
      "r_squared": 0.9944809114802936,
      "accuracy_5pct": 0.965,
      "accuracy_3pct": 0.905,
      "accuracy_10pct": 1.0,
      "median_survival_error": 0.8899770901844999,
      "median_survival_relative_error": 0.06253009036810395,
      "label": "Treatment"
    },
    {
      "mae": 0.01614153764459961,
      "rmse": 0.020422719594915175,
      "max_error": 0.0629208534570469,
      "iae": 0.01617597790564486,
      "concordance_correlation": 0.9964173383144518,
      "r_squared": 0.9931603483793033,
      "accuracy_5pct": 0.97,
      "accuracy_3pct": 0.88,
      "accuracy_10pct": 1.0,
      "median_survival_error": 0.8898571004749272,
      "median_survival_relative_error": 0.06889675599753102,
      "label": "Control"
    }
  ],
  "aggregate": {
    "mean_mae": 0.015492244127655153,
    "mean_rmse": 0.01996570194320403,
    "mean_max_error": 0.07733496085081865,
    "mean_iae": 0.015535089855570772,
    "mean_concordance_correlation": 0.9967726919329329,
    "mean_r_squared": 0.9938206299297985,
    "mean_accuracy_5pct": 0.9675,
    "mean_accuracy_3pct": 0.8925000000000001,
    "mean_accuracy_10pct": 1.0,
    "n_curves_detected": 2,
    "n_curves_expected": 2
  },
  "name": "hard_lowres_146",
  "timing": 0.006989002227783203
}