{
  "per_curve": [
    {
      "mae": 0.012787938071371139,
      "rmse": 0.01808955098884368,
      "max_error": 0.09941906981598059,
      "iae": 0.012828862569979551,
      "concordance_correlation": 0.9973741828117777,
      "r_squared": 0.9949795569556756,
      "accuracy_5pct": 0.985,
      "accuracy_3pct": 0.91,
      "accuracy_10pct": 1.0,
      "median_survival_error": 0.33003719486240435,
      "median_survival_relative_error": 0.039107895816027576,
      "label": "Treatment"
    },
    {
      "mae": 0.011454142780025222,
      "rmse": 0.016772588407740437,
      "max_error": 0.07258064516129037,
      "iae": 0.011488364789732398,
      "concordance_correlation": 0.9974990011473285,
      "r_squared": 0.99513545012997,
      "accuracy_5pct": 0.99,
      "accuracy_3pct": 0.9,
      "accuracy_10pct": 1.0,
      "median_survival_error": 0.5166119748264419,
      "median_survival_relative_error": 0.07323254114465436,
      "label": "Control"
    }
  ],
  "aggregate": {
    "mean_mae": 0.012121040425698181,
    "mean_rmse": 0.017431069698292057,
    "mean_max_error": 0.08599985748863548,
    "mean_iae": 0.012158613679855976,
    "mean_concordance_correlation": 0.9974365919795531,
    "mean_r_squared": 0.9950575035428229,
    "mean_accuracy_5pct": 0.9875,
    "mean_accuracy_3pct": 0.905,
    "mean_accuracy_10pct": 1.0,
    "n_curves_detected": 2,
    "n_curves_expected": 2
  },
  "name": "hard_lowres_151",
  "timing": 0.007256984710693359
}