{
  "per_curve": [
    {
      "mae": 0.012586256125399167,
      "rmse": 0.017563240312971514,
      "max_error": 0.1065015479876158,
      "iae": 0.012626167146892145,
      "concordance_correlation": 0.9964504884033474,
      "r_squared": 0.99334836569302,
      "accuracy_5pct": 0.985,
      "accuracy_3pct": 0.92,
      "accuracy_10pct": 0.995,
      "median_survival_error": 1.1367893717066977,
      "median_survival_relative_error": 0.09185165571969488,
      "label": "Treatment"
    },
    {
      "mae": 0.01739164086687305,
      "rmse": 0.02254304284677457,
      "max_error": 0.08997678018575861,
      "iae": 0.017424584221416666,
      "concordance_correlation": 0.9955153235163038,
      "r_squared": 0.9913048015170156,
      "accuracy_5pct": 0.97,
      "accuracy_3pct": 0.83,
      "accuracy_10pct": 1.0,
      "median_survival_error": 0.6759908773625014,
      "median_survival_relative_error": 0.035384615384615334,
      "label": "Control"
    }
  ],
  "aggregate": {
    "mean_mae": 0.014988948496136108,
    "mean_rmse": 0.020053141579873042,
    "mean_max_error": 0.0982391640866872,
    "mean_iae": 0.015025375684154406,
    "mean_concordance_correlation": 0.9959829059598255,
    "mean_r_squared": 0.9923265836050178,
    "mean_accuracy_5pct": 0.9775,
    "mean_accuracy_3pct": 0.875,
    "mean_accuracy_10pct": 0.9975,
    "n_curves_detected": 2,
    "n_curves_expected": 2
  },
  "name": "hard_lowres_157",
  "timing": 0.006803989410400391
}