{
  "per_curve": [
    {
      "mae": 0.015297815843493425,
      "rmse": 0.016802070490294196,
      "max_error": 0.0670438472418674,
      "iae": 0.015360203021316214,
      "concordance_correlation": 0.9943035190824683,
      "r_squared": 0.98876873176701,
      "accuracy_5pct": 0.995,
      "accuracy_3pct": 0.995,
      "accuracy_10pct": 1.0,
      "median_survival_error": 0.19659002973971695,
      "median_survival_relative_error": 0.02210495152011141,
      "label": "High Risk"
    },
    {
      "mae": 0.004750264410697007,
      "rmse": 0.006673010954468987,
      "max_error": 0.028720905402519703,
      "iae": 0.004740333792664816,
      "concordance_correlation": 0.9995943900205977,
      "r_squared": 0.9991888253943284,
      "accuracy_5pct": 1.0,
      "accuracy_3pct": 1.0,
      "accuracy_10pct": 1.0,
      "median_survival_error": 0.33087952995585823,
      "median_survival_relative_error": 0.013873275421563696,
      "label": "Medium Risk"
    },
    {
      "mae": 0.0069580766601305835,
      "rmse": 0.008086311394864631,
      "max_error": 0.03804338586938172,
      "iae": 0.006976946015448054,
      "concordance_correlation": 0.9995127939295017,
      "r_squared": 0.9990392316547142,
      "accuracy_5pct": 1.0,
      "accuracy_3pct": 0.995,
      "accuracy_10pct": 1.0,
      "median_survival_error": 0.11308913820877464,
      "median_survival_relative_error": 0.004110629629606656,
      "label": "Low Risk"
    }
  ],
  "aggregate": {
    "mean_mae": 0.009002052304773672,
    "mean_rmse": 0.010520464279875937,
    "mean_max_error": 0.04460271283792294,
    "mean_iae": 0.009025827609809694,
    "mean_concordance_correlation": 0.9978035676775225,
    "mean_r_squared": 0.9956655962720175,
    "mean_accuracy_5pct": 0.9983333333333334,
    "mean_accuracy_3pct": 0.9966666666666667,
    "mean_accuracy_10pct": 1.0,
    "n_curves_detected": 3,
    "n_curves_expected": 3
  },
  "name": "hard_three_173",
  "timing": 0.07678413391113281
}