{
  "per_curve": [
    {
      "mae": 0.023637181802545603,
      "rmse": 0.02721335904244774,
      "max_error": 0.08027175782593743,
      "iae": 0.023678173288181552,
      "concordance_correlation": 0.9931997180064577,
      "r_squared": 0.9870080858632052,
      "accuracy_5pct": 0.965,
      "accuracy_3pct": 0.41,
      "accuracy_10pct": 1.0,
      "median_survival_error": 0.6681761195351186,
      "median_survival_relative_error": 0.038945895522388294,
      "label": "Treatment"
    },
    {
      "mae": 0.012078874827699697,
      "rmse": 0.019059547594886997,
      "max_error": 0.08540543379447568,
      "iae": 0.012116236194430367,
      "concordance_correlation": 0.9962301729874766,
      "r_squared": 0.992741522602864,
      "accuracy_5pct": 0.965,
      "accuracy_3pct": 0.87,
      "accuracy_10pct": 1.0,
      "median_survival_error": 1.6560858756330479,
      "median_survival_relative_error": 0.10309374278467617,
      "label": "Control"
    }
  ],
  "aggregate": {
    "mean_mae": 0.017858028315122648,
    "mean_rmse": 0.023136453318667368,
    "mean_max_error": 0.08283859581020656,
    "mean_iae": 0.01789720474130596,
    "mean_concordance_correlation": 0.9947149454969672,
    "mean_r_squared": 0.9898748042330345,
    "mean_accuracy_5pct": 0.965,
    "mean_accuracy_3pct": 0.64,
    "mean_accuracy_10pct": 1.0,
    "n_curves_detected": 2,
    "n_curves_expected": 2
  },
  "name": "hard_lowres_150",
  "timing": 0.007734060287475586
}