{
  "per_curve": [
    {
      "mae": 0.005942946157751294,
      "rmse": 0.007397305465477717,
      "max_error": 0.01848816535753689,
      "iae": 0.005964762281780311,
      "concordance_correlation": 0.9989959374468994,
      "r_squared": 0.9979995200688244,
      "accuracy_5pct": 1.0,
      "accuracy_3pct": 1.0,
      "accuracy_10pct": 1.0,
      "median_survival_error": 0.05282467935307977,
      "median_survival_relative_error": 0.0022471822150934655,
      "label": "Treatment"
    },
    {
      "mae": 0.019998960868002562,
      "rmse": 0.021125029167937334,
      "max_error": 0.03326848095158985,
      "iae": 0.020075314377751667,
      "concordance_correlation": 0.9892852200041176,
      "r_squared": 0.9790087777769371,
      "accuracy_5pct": 1.0,
      "accuracy_3pct": 0.995,
      "accuracy_10pct": 1.0,
      "median_survival_error": 0.12397679014678964,
      "median_survival_relative_error": 0.008089033659066259,
      "label": "Control"
    }
  ],
  "aggregate": {
    "mean_mae": 0.012970953512876929,
    "mean_rmse": 0.014261167316707526,
    "mean_max_error": 0.02587832315456337,
    "mean_iae": 0.01302003832976599,
    "mean_concordance_correlation": 0.9941405787255084,
    "mean_r_squared": 0.9885041489228807,
    "mean_accuracy_5pct": 1.0,
    "mean_accuracy_3pct": 0.9975,
    "mean_accuracy_10pct": 1.0,
    "n_curves_detected": 2,
    "n_curves_expected": 2
  },
  "name": "medium_052",
  "timing": 0.058632850646972656
}