{
  "per_curve": [
    {
      "mae": 0.005387472051630358,
      "rmse": 0.0063031520470252095,
      "max_error": 0.023121387283237316,
      "iae": 0.005404874873721868,
      "concordance_correlation": 0.9997678942245802,
      "r_squared": 0.9995368022106206,
      "accuracy_5pct": 1.0,
      "accuracy_3pct": 1.0,
      "accuracy_10pct": 1.0,
      "median_survival_error": 0.2890395442849041,
      "median_survival_relative_error": 0.009132035255900848,
      "label": "Treatment"
    },
    {
      "mae": 0.014525218588206743,
      "rmse": 0.01613056324714708,
      "max_error": 0.050000000000000044,
      "iae": 0.014551471777756201,
      "concordance_correlation": 0.9979383312496815,
      "r_squared": 0.9959274860003329,
      "accuracy_5pct": 0.995,
      "accuracy_3pct": 0.99,
      "accuracy_10pct": 1.0,
      "median_survival_error": 0.08746159903866868,
      "median_survival_relative_error": 0.004771259159076735,
      "label": "Control"
    }
  ],
  "aggregate": {
    "mean_mae": 0.00995634531991855,
    "mean_rmse": 0.011216857647086145,
    "mean_max_error": 0.03656069364161868,
    "mean_iae": 0.009978173325739035,
    "mean_concordance_correlation": 0.9988531127371308,
    "mean_r_squared": 0.9977321441054767,
    "mean_accuracy_5pct": 0.9975,
    "mean_accuracy_3pct": 0.995,
    "mean_accuracy_10pct": 1.0,
    "n_curves_detected": 2,
    "n_curves_expected": 2
  },
  "name": "medium_ci_085",
  "timing": 0.060761213302612305
}