{
  "per_curve": [
    {
      "mae": 0.004018276565327483,
      "rmse": 0.007109776030069125,
      "max_error": 0.05676855895196509,
      "iae": 0.004029372013374079,
      "concordance_correlation": 0.9995291589778722,
      "r_squared": 0.9990521786852932,
      "accuracy_5pct": 0.995,
      "accuracy_3pct": 0.99,
      "accuracy_10pct": 1.0,
      "median_survival_error": 0.28158229590711414,
      "median_survival_relative_error": 0.021247513389630508,
      "label": "Drug"
    },
    {
      "mae": 0.010965911681123756,
      "rmse": 0.013415012052948495,
      "max_error": 0.023123600323633087,
      "iae": 0.011008281109844595,
      "concordance_correlation": 0.9970390927856569,
      "r_squared": 0.9941439484404344,
      "accuracy_5pct": 1.0,
      "accuracy_3pct": 1.0,
      "accuracy_10pct": 1.0,
      "median_survival_error": 0.554290269854893,
      "median_survival_relative_error": 0.08919565870019176,
      "label": "Placebo"
    }
  ],
  "aggregate": {
    "mean_mae": 0.00749209412322562,
    "mean_rmse": 0.01026239404150881,
    "mean_max_error": 0.03994607963779909,
    "mean_iae": 0.0075188265616093364,
    "mean_concordance_correlation": 0.9982841258817645,
    "mean_r_squared": 0.9965980635628637,
    "mean_accuracy_5pct": 0.9975,
    "mean_accuracy_3pct": 0.995,
    "mean_accuracy_10pct": 1.0,
    "n_curves_detected": 2,
    "n_curves_expected": 2
  },
  "name": "medium_atrisk_100",
  "timing": 0.05897998809814453
}