{
  "per_curve": [
    {
      "mae": 0.008572171131658677,
      "rmse": 0.010472978453719113,
      "max_error": 0.06378951251500575,
      "iae": 0.008594692234796085,
      "concordance_correlation": 0.9985341199073512,
      "r_squared": 0.9971276682973587,
      "accuracy_5pct": 0.99,
      "accuracy_3pct": 0.99,
      "accuracy_10pct": 1.0,
      "median_survival_error": 0.1085351405540056,
      "median_survival_relative_error": 0.007637743558408363,
      "label": "Treatment"
    },
    {
      "mae": 0.005460509423299226,
      "rmse": 0.006426187957359081,
      "max_error": 0.01907981048839924,
      "iae": 0.005477067039536369,
      "concordance_correlation": 0.9994802502124986,
      "r_squared": 0.9989736189769451,
      "accuracy_5pct": 1.0,
      "accuracy_3pct": 1.0,
      "accuracy_10pct": 1.0,
      "median_survival_error": 0.04363925898774568,
      "median_survival_relative_error": 0.002467712251545471,
      "label": "Control"
    }
  ],
  "aggregate": {
    "mean_mae": 0.0070163402774789515,
    "mean_rmse": 0.008449583205539096,
    "mean_max_error": 0.0414346615017025,
    "mean_iae": 0.007035879637166227,
    "mean_concordance_correlation": 0.9990071850599249,
    "mean_r_squared": 0.9980506436371519,
    "mean_accuracy_5pct": 0.995,
    "mean_accuracy_3pct": 0.995,
    "mean_accuracy_10pct": 1.0,
    "n_curves_detected": 2,
    "n_curves_expected": 2
  },
  "name": "medium_067",
  "timing": 0.10395121574401855
}