{
  "per_curve": [
    {
      "mae": 0.004632427305069658,
      "rmse": 0.005628160770319341,
      "max_error": 0.01613327113914398,
      "iae": 0.004642829151016927,
      "concordance_correlation": 0.9997896040735452,
      "r_squared": 0.9995793706211838,
      "accuracy_5pct": 1.0,
      "accuracy_3pct": 1.0,
      "accuracy_10pct": 1.0,
      "median_survival_error": 0.46398073369576665,
      "median_survival_relative_error": 0.015639603760574633,
      "label": "Treatment"
    },
    {
      "mae": 0.0068450147648155225,
      "rmse": 0.007625828697201539,
      "max_error": 0.03968253968253943,
      "iae": 0.00686492555530827,
      "concordance_correlation": 0.9992782637474764,
      "r_squared": 0.9985616996636261,
      "accuracy_5pct": 1.0,
      "accuracy_3pct": 0.995,
      "accuracy_10pct": 1.0,
      "median_survival_error": 0.2207591759021117,
      "median_survival_relative_error": 0.02074913246258987,
      "label": "Control"
    }
  ],
  "aggregate": {
    "mean_mae": 0.00573872103494259,
    "mean_rmse": 0.00662699473376044,
    "mean_max_error": 0.027907905410841705,
    "mean_iae": 0.005753877353162598,
    "mean_concordance_correlation": 0.9995339339105108,
    "mean_r_squared": 0.999070535142405,
    "mean_accuracy_5pct": 1.0,
    "mean_accuracy_3pct": 0.9975,
    "mean_accuracy_10pct": 1.0,
    "n_curves_detected": 2,
    "n_curves_expected": 2
  },
  "name": "medium_064",
  "timing": 0.05778932571411133
}