{
  "per_curve": [
    {
      "mae": 0.006897873087708248,
      "rmse": 0.007668282641217554,
      "max_error": 0.027027027027027417,
      "iae": 0.006908391985496078,
      "concordance_correlation": 0.9994691264065039,
      "r_squared": 0.9989511324540629,
      "accuracy_5pct": 1.0,
      "accuracy_3pct": 1.0,
      "accuracy_10pct": 1.0,
      "median_survival_error": 0.297573209171194,
      "median_survival_relative_error": 0.016019343704572156,
      "label": "Treatment"
    },
    {
      "mae": 0.0056662289110067455,
      "rmse": 0.006163870534357214,
      "max_error": 0.020259756696088982,
      "iae": 0.005681825739898421,
      "concordance_correlation": 0.9996662864983694,
      "r_squared": 0.9993379916365988,
      "accuracy_5pct": 1.0,
      "accuracy_3pct": 1.0,
      "accuracy_10pct": 1.0,
      "median_survival_error": 0.0379709076627357,
      "median_survival_relative_error": 0.0025406041551461786,
      "label": "Control"
    }
  ],
  "aggregate": {
    "mean_mae": 0.006282050999357497,
    "mean_rmse": 0.006916076587787384,
    "mean_max_error": 0.0236433918615582,
    "mean_iae": 0.006295108862697249,
    "mean_concordance_correlation": 0.9995677064524366,
    "mean_r_squared": 0.9991445620453308,
    "mean_accuracy_5pct": 1.0,
    "mean_accuracy_3pct": 1.0,
    "mean_accuracy_10pct": 1.0,
    "n_curves_detected": 2,
    "n_curves_expected": 2
  },
  "name": "medium_009",
  "timing": 0.0697941780090332
}