{
  "per_curve": [
    {
      "mae": 0.004499347495638513,
      "rmse": 0.005647003997151318,
      "max_error": 0.03402961655388892,
      "iae": 0.004514669210071758,
      "concordance_correlation": 0.9996684649598611,
      "r_squared": 0.9993321849871718,
      "accuracy_5pct": 1.0,
      "accuracy_3pct": 0.995,
      "accuracy_10pct": 1.0,
      "median_survival_error": 0.5696837294283199,
      "median_survival_relative_error": 0.0164668517981593,
      "label": "Drug"
    },
    {
      "mae": 0.012367927858686322,
      "rmse": 0.013822522863896954,
      "max_error": 0.01930087835368821,
      "iae": 0.012419146141970502,
      "concordance_correlation": 0.99413095407652,
      "r_squared": 0.9883386728916367,
      "accuracy_5pct": 1.0,
      "accuracy_3pct": 1.0,
      "accuracy_10pct": 1.0,
      "median_survival_error": 0.40088613158840225,
      "median_survival_relative_error": 0.05556314436813912,
      "label": "Placebo"
    }
  ],
  "aggregate": {
    "mean_mae": 0.008433637677162417,
    "mean_rmse": 0.009734763430524136,
    "mean_max_error": 0.026665247453788565,
    "mean_iae": 0.00846690767602113,
    "mean_concordance_correlation": 0.9968997095181905,
    "mean_r_squared": 0.9938354289394042,
    "mean_accuracy_5pct": 1.0,
    "mean_accuracy_3pct": 0.9975,
    "mean_accuracy_10pct": 1.0,
    "n_curves_detected": 2,
    "n_curves_expected": 2
  },
  "name": "medium_atrisk_097",
  "timing": 0.09510326385498047
}