{
  "per_curve": [
    {
      "mae": 0.004883030348074632,
      "rmse": 0.005826213965983695,
      "max_error": 0.015706806282722474,
      "iae": 0.004901129847407761,
      "concordance_correlation": 0.9997858051217176,
      "r_squared": 0.9995747875063115,
      "accuracy_5pct": 1.0,
      "accuracy_3pct": 1.0,
      "accuracy_10pct": 1.0,
      "median_survival_error": 0.09228638769411646,
      "median_survival_relative_error": 0.004675244540843524,
      "label": "Treatment"
    },
    {
      "mae": 0.005439802419930016,
      "rmse": 0.00675173821182002,
      "max_error": 0.014541960281871269,
      "iae": 0.0054542614272584935,
      "concordance_correlation": 0.9995654116276494,
      "r_squared": 0.9991432171412862,
      "accuracy_5pct": 1.0,
      "accuracy_3pct": 1.0,
      "accuracy_10pct": 1.0,
      "median_survival_error": 0.12664883195569665,
      "median_survival_relative_error": 0.01181004897317705,
      "label": "Control"
    }
  ],
  "aggregate": {
    "mean_mae": 0.005161416384002323,
    "mean_rmse": 0.006288976088901858,
    "mean_max_error": 0.015124383282296872,
    "mean_iae": 0.005177695637333127,
    "mean_concordance_correlation": 0.9996756083746835,
    "mean_r_squared": 0.9993590023237988,
    "mean_accuracy_5pct": 1.0,
    "mean_accuracy_3pct": 1.0,
    "mean_accuracy_10pct": 1.0,
    "n_curves_detected": 2,
    "n_curves_expected": 2
  },
  "name": "medium_017",
  "timing": 0.06393194198608398
}