{
  "per_curve": [
    {
      "mae": 0.004685109520466371,
      "rmse": 0.005874203693781712,
      "max_error": 0.018759127863500646,
      "iae": 0.004694166515761385,
      "concordance_correlation": 0.99972141432071,
      "r_squared": 0.9994436383234878,
      "accuracy_5pct": 1.0,
      "accuracy_3pct": 1.0,
      "accuracy_10pct": 1.0,
      "median_survival_error": 0.31637928475521626,
      "median_survival_relative_error": 0.03349709691826926,
      "label": "Treatment"
    },
    {
      "mae": 0.009746256214998757,
      "rmse": 0.012294737430808682,
      "max_error": 0.019218449711723262,
      "iae": 0.009782355693659235,
      "concordance_correlation": 0.9988683254284635,
      "r_squared": 0.9977733419957778,
      "accuracy_5pct": 1.0,
      "accuracy_3pct": 1.0,
      "accuracy_10pct": 1.0,
      "median_survival_error": 0.06733868899005913,
      "median_survival_relative_error": 0.009062900952006618,
      "label": "Control"
    }
  ],
  "aggregate": {
    "mean_mae": 0.007215682867732564,
    "mean_rmse": 0.009084470562295197,
    "mean_max_error": 0.018988788787611954,
    "mean_iae": 0.00723826110471031,
    "mean_concordance_correlation": 0.9992948698745867,
    "mean_r_squared": 0.9986084901596328,
    "mean_accuracy_5pct": 1.0,
    "mean_accuracy_3pct": 1.0,
    "mean_accuracy_10pct": 1.0,
    "n_curves_detected": 2,
    "n_curves_expected": 2
  },
  "name": "medium_ci_072",
  "timing": 0.06368613243103027
}