{
  "per_curve": [
    {
      "mae": 0.005040246507050558,
      "rmse": 0.006975914805963658,
      "max_error": 0.03879310344827569,
      "iae": 0.005056477482442494,
      "concordance_correlation": 0.9995479737191072,
      "r_squared": 0.999095179832292,
      "accuracy_5pct": 1.0,
      "accuracy_3pct": 0.99,
      "accuracy_10pct": 1.0,
      "median_survival_error": 0.39102773586043327,
      "median_survival_relative_error": 0.019069190880530308,
      "label": "Drug"
    },
    {
      "mae": 0.007875691824888644,
      "rmse": 0.00934952997868316,
      "max_error": 0.026997904818916618,
      "iae": 0.007907990648515,
      "concordance_correlation": 0.9990074371854588,
      "r_squared": 0.9980232770543873,
      "accuracy_5pct": 1.0,
      "accuracy_3pct": 1.0,
      "accuracy_10pct": 1.0,
      "median_survival_error": 0.472706314150555,
      "median_survival_relative_error": 0.03133914650301281,
      "label": "Placebo"
    }
  ],
  "aggregate": {
    "mean_mae": 0.006457969165969601,
    "mean_rmse": 0.008162722392323409,
    "mean_max_error": 0.032895504133596154,
    "mean_iae": 0.006482234065478747,
    "mean_concordance_correlation": 0.999277705452283,
    "mean_r_squared": 0.9985592284433397,
    "mean_accuracy_5pct": 1.0,
    "mean_accuracy_3pct": 0.995,
    "mean_accuracy_10pct": 1.0,
    "n_curves_detected": 2,
    "n_curves_expected": 2
  },
  "name": "medium_atrisk_112",
  "timing": 0.06984329223632812
}