{
  "per_curve": [
    {
      "mae": 0.004340145110605534,
      "rmse": 0.005726107045758538,
      "max_error": 0.021112966580229056,
      "iae": 0.00433781110398581,
      "concordance_correlation": 0.9997180784379721,
      "r_squared": 0.9994339048203023,
      "accuracy_5pct": 1.0,
      "accuracy_3pct": 1.0,
      "accuracy_10pct": 1.0,
      "median_survival_error": 0.07486888083045073,
      "median_survival_relative_error": 0.0028364697536755975,
      "label": "Treatment"
    },
    {
      "mae": 0.004620099846994185,
      "rmse": 0.00540320943758997,
      "max_error": 0.02205882352941213,
      "iae": 0.004630439745915948,
      "concordance_correlation": 0.9997148503869864,
      "r_squared": 0.9994282021602817,
      "accuracy_5pct": 1.0,
      "accuracy_3pct": 1.0,
      "accuracy_10pct": 1.0,
      "median_survival_error": 0.4649387867103272,
      "median_survival_relative_error": 0.02066026579038501,
      "label": "Control"
    }
  ],
  "aggregate": {
    "mean_mae": 0.00448012247879986,
    "mean_rmse": 0.005564658241674254,
    "mean_max_error": 0.021585895054820593,
    "mean_iae": 0.004484125424950879,
    "mean_concordance_correlation": 0.9997164644124792,
    "mean_r_squared": 0.9994310534902919,
    "mean_accuracy_5pct": 1.0,
    "mean_accuracy_3pct": 1.0,
    "mean_accuracy_10pct": 1.0,
    "n_curves_detected": 2,
    "n_curves_expected": 2
  },
  "name": "medium_ci_077",
  "timing": 0.06244707107543945
}