{
  "per_curve": [
    {
      "mae": 0.004787523573418211,
      "rmse": 0.005944684663167729,
      "max_error": 0.03041847041847001,
      "iae": 0.00480192396840437,
      "concordance_correlation": 0.9997123662357961,
      "r_squared": 0.9994258617165044,
      "accuracy_5pct": 1.0,
      "accuracy_3pct": 0.995,
      "accuracy_10pct": 1.0,
      "median_survival_error": 0.20893131633217976,
      "median_survival_relative_error": 0.008513207311127157,
      "label": "Treatment"
    },
    {
      "mae": 0.006619285560273726,
      "rmse": 0.008357674202752937,
      "max_error": 0.022774413460986298,
      "iae": 0.0066428907893646885,
      "concordance_correlation": 0.9990821785353832,
      "r_squared": 0.9981664353623493,
      "accuracy_5pct": 1.0,
      "accuracy_3pct": 1.0,
      "accuracy_10pct": 1.0,
      "median_survival_error": 0.013672275655014943,
      "median_survival_relative_error": 0.0011255478888588706,
      "label": "Control"
    }
  ],
  "aggregate": {
    "mean_mae": 0.005703404566845968,
    "mean_rmse": 0.007151179432960333,
    "mean_max_error": 0.026596441939728155,
    "mean_iae": 0.005722407378884529,
    "mean_concordance_correlation": 0.9993972723855896,
    "mean_r_squared": 0.9987961485394268,
    "mean_accuracy_5pct": 1.0,
    "mean_accuracy_3pct": 0.9975,
    "mean_accuracy_10pct": 1.0,
    "n_curves_detected": 2,
    "n_curves_expected": 2
  },
  "name": "medium_ci_089",
  "timing": 0.05946803092956543
}