{
  "per_curve": [
    {
      "mae": 0.004333242992450423,
      "rmse": 0.006203187912329388,
      "max_error": 0.055172413793103114,
      "iae": 0.004342141399640812,
      "concordance_correlation": 0.9996127313483435,
      "r_squared": 0.9992203652406259,
      "accuracy_5pct": 0.995,
      "accuracy_3pct": 0.995,
      "accuracy_10pct": 1.0,
      "median_survival_error": 0.13875630608018064,
      "median_survival_relative_error": 0.011897591685126966,
      "label": "Treatment"
    },
    {
      "mae": 0.0061731063171939415,
      "rmse": 0.00673140693322845,
      "max_error": 0.019276687438122497,
      "iae": 0.006191250268729773,
      "concordance_correlation": 0.9991221313306353,
      "r_squared": 0.9982652685487076,
      "accuracy_5pct": 1.0,
      "accuracy_3pct": 1.0,
      "accuracy_10pct": 1.0,
      "median_survival_error": 0.03895993941480835,
      "median_survival_relative_error": 0.007655892485735483,
      "label": "Control"
    }
  ],
  "aggregate": {
    "mean_mae": 0.005253174654822182,
    "mean_rmse": 0.006467297422778919,
    "mean_max_error": 0.037224550615612806,
    "mean_iae": 0.005266695834185292,
    "mean_concordance_correlation": 0.9993674313394894,
    "mean_r_squared": 0.9987428168946667,
    "mean_accuracy_5pct": 0.9975,
    "mean_accuracy_3pct": 0.9975,
    "mean_accuracy_10pct": 1.0,
    "n_curves_detected": 2,
    "n_curves_expected": 2
  },
  "name": "medium_015",
  "timing": 0.057327985763549805
}