{
  "per_curve": [
    {
      "mae": 0.007150373814160888,
      "rmse": 0.007879080673141383,
      "max_error": 0.01756906021822774,
      "iae": 0.007155331034962969,
      "concordance_correlation": 0.9995294037893591,
      "r_squared": 0.9990708207659773,
      "accuracy_5pct": 1.0,
      "accuracy_3pct": 1.0,
      "accuracy_10pct": 1.0,
      "median_survival_error": 0.05980074294576809,
      "median_survival_relative_error": 0.0035364040722825215,
      "label": "Drug"
    },
    {
      "mae": 0.006297342050414898,
      "rmse": 0.007403563264976618,
      "max_error": 0.029014915394358298,
      "iae": 0.006321698913364606,
      "concordance_correlation": 0.9993135210912762,
      "r_squared": 0.9986293187655138,
      "accuracy_5pct": 1.0,
      "accuracy_3pct": 1.0,
      "accuracy_10pct": 1.0,
      "median_survival_error": 0.026590437967634273,
      "median_survival_relative_error": 0.0034759957351599854,
      "label": "Placebo"
    }
  ],
  "aggregate": {
    "mean_mae": 0.0067238579322878925,
    "mean_rmse": 0.007641321969059001,
    "mean_max_error": 0.02329198780629302,
    "mean_iae": 0.006738514974163787,
    "mean_concordance_correlation": 0.9994214624403177,
    "mean_r_squared": 0.9988500697657455,
    "mean_accuracy_5pct": 1.0,
    "mean_accuracy_3pct": 1.0,
    "mean_accuracy_10pct": 1.0,
    "n_curves_detected": 2,
    "n_curves_expected": 2
  },
  "name": "medium_atrisk_110",
  "timing": 0.06032991409301758
}