{
  "per_curve": [
    {
      "mae": 0.006536154515796842,
      "rmse": 0.007916554777203069,
      "max_error": 0.04201680672268915,
      "iae": 0.006554513244736733,
      "concordance_correlation": 0.9995627813350244,
      "r_squared": 0.9991323248646066,
      "accuracy_5pct": 1.0,
      "accuracy_3pct": 0.995,
      "accuracy_10pct": 1.0,
      "median_survival_error": 0.07051967194716013,
      "median_survival_relative_error": 0.001919972350904346,
      "label": "Treatment"
    },
    {
      "mae": 0.009340949732181582,
      "rmse": 0.011207081659923067,
      "max_error": 0.019218449711723262,
      "iae": 0.009375012494848008,
      "concordance_correlation": 0.9988943811848355,
      "r_squared": 0.9978174667368829,
      "accuracy_5pct": 1.0,
      "accuracy_3pct": 1.0,
      "accuracy_10pct": 1.0,
      "median_survival_error": 0.2420383609817094,
      "median_survival_relative_error": 0.00990932701253642,
      "label": "Control"
    }
  ],
  "aggregate": {
    "mean_mae": 0.007938552123989213,
    "mean_rmse": 0.009561818218563067,
    "mean_max_error": 0.030617628217206205,
    "mean_iae": 0.00796476286979237,
    "mean_concordance_correlation": 0.99922858125993,
    "mean_r_squared": 0.9984748958007448,
    "mean_accuracy_5pct": 1.0,
    "mean_accuracy_3pct": 0.9975,
    "mean_accuracy_10pct": 1.0,
    "n_curves_detected": 2,
    "n_curves_expected": 2
  },
  "name": "medium_056",
  "timing": 0.06077218055725098
}