{
  "per_curve": [
    {
      "mae": 0.0052048445504164565,
      "rmse": 0.0059885470451778115,
      "max_error": 0.014280003948540398,
      "iae": 0.005216490042012468,
      "concordance_correlation": 0.9996727533822567,
      "r_squared": 0.9993492202255935,
      "accuracy_5pct": 1.0,
      "accuracy_3pct": 1.0,
      "accuracy_10pct": 1.0,
      "median_survival_error": 3.238542204464494,
      "median_survival_relative_error": 0.08843214253667064,
      "label": "Treatment"
    },
    {
      "mae": 0.004889115424346876,
      "rmse": 0.005514586243108696,
      "max_error": 0.01821748376585486,
      "iae": 0.004906429090492309,
      "concordance_correlation": 0.9996151715802601,
      "r_squared": 0.9992362957575401,
      "accuracy_5pct": 1.0,
      "accuracy_3pct": 1.0,
      "accuracy_10pct": 1.0,
      "median_survival_error": 0.6642180172882206,
      "median_survival_relative_error": 0.03656279117705078,
      "label": "Control"
    }
  ],
  "aggregate": {
    "mean_mae": 0.005046979987381666,
    "mean_rmse": 0.005751566644143254,
    "mean_max_error": 0.01624874385719763,
    "mean_iae": 0.005061459566252389,
    "mean_concordance_correlation": 0.9996439624812584,
    "mean_r_squared": 0.9992927579915668,
    "mean_accuracy_5pct": 1.0,
    "mean_accuracy_3pct": 1.0,
    "mean_accuracy_10pct": 1.0,
    "n_curves_detected": 2,
    "n_curves_expected": 2
  },
  "name": "medium_057",
  "timing": 0.09983420372009277
}