{
  "per_curve": [
    {
      "mae": 0.004959385274213619,
      "rmse": 0.006096654500502807,
      "max_error": 0.030135767063251162,
      "iae": 0.004977052055182505,
      "concordance_correlation": 0.9994295451563322,
      "r_squared": 0.9988637652307033,
      "accuracy_5pct": 1.0,
      "accuracy_3pct": 0.995,
      "accuracy_10pct": 1.0,
      "median_survival_error": 0.06006238329273472,
      "median_survival_relative_error": 0.005447135632032201,
      "label": "Treatment"
    },
    {
      "mae": 0.009627851217033846,
      "rmse": 0.010466198061936507,
      "max_error": 0.02396191169998696,
      "iae": 0.009673814127904357,
      "concordance_correlation": 0.996917110102368,
      "r_squared": 0.9939810609844412,
      "accuracy_5pct": 1.0,
      "accuracy_3pct": 1.0,
      "accuracy_10pct": 1.0,
      "median_survival_error": 0.15156353984289073,
      "median_survival_relative_error": 0.0334055382091864,
      "label": "Control"
    }
  ],
  "aggregate": {
    "mean_mae": 0.007293618245623732,
    "mean_rmse": 0.008281426281219657,
    "mean_max_error": 0.02704883938161906,
    "mean_iae": 0.007325433091543431,
    "mean_concordance_correlation": 0.9981733276293501,
    "mean_r_squared": 0.9964224131075723,
    "mean_accuracy_5pct": 1.0,
    "mean_accuracy_3pct": 0.9975,
    "mean_accuracy_10pct": 1.0,
    "n_curves_detected": 2,
    "n_curves_expected": 2
  },
  "name": "medium_050",
  "timing": 0.10242199897766113
}