{
  "per_curve": [
    {
      "mae": 0.0161400360435649,
      "rmse": 0.018416280123999512,
      "max_error": 0.05970149253731327,
      "iae": 0.016200190298456794,
      "concordance_correlation": 0.9971516283332246,
      "r_squared": 0.9944161484457459,
      "accuracy_5pct": 0.995,
      "accuracy_3pct": 0.995,
      "accuracy_10pct": 1.0,
      "median_survival_error": 1.8349419510678437,
      "median_survival_relative_error": 0.062121805099798366,
      "label": "Treatment"
    },
    {
      "mae": 0.008578098661932956,
      "rmse": 0.00930140445770284,
      "max_error": 0.029625430732282132,
      "iae": 0.008592194980001666,
      "concordance_correlation": 0.9988139028814179,
      "r_squared": 0.9976353223485043,
      "accuracy_5pct": 1.0,
      "accuracy_3pct": 1.0,
      "accuracy_10pct": 1.0,
      "median_survival_error": 0.534932041405014,
      "median_survival_relative_error": 0.027777777777777728,
      "label": "Control"
    }
  ],
  "aggregate": {
    "mean_mae": 0.012359067352748929,
    "mean_rmse": 0.013858842290851176,
    "mean_max_error": 0.0446634616347977,
    "mean_iae": 0.012396192639229229,
    "mean_concordance_correlation": 0.9979827656073212,
    "mean_r_squared": 0.9960257353971251,
    "mean_accuracy_5pct": 0.9975,
    "mean_accuracy_3pct": 0.9975,
    "mean_accuracy_10pct": 1.0,
    "n_curves_detected": 2,
    "n_curves_expected": 2
  },
  "name": "medium_ci_086",
  "timing": 0.05799412727355957
}