{
  "per_curve": [
    {
      "mae": 0.008270592811686982,
      "rmse": 0.009509315218090092,
      "max_error": 0.020348686318635456,
      "iae": 0.00829757743563091,
      "concordance_correlation": 0.999392184958046,
      "r_squared": 0.9987934650244491,
      "accuracy_5pct": 1.0,
      "accuracy_3pct": 1.0,
      "accuracy_10pct": 1.0,
      "median_survival_error": 0.11785594130540034,
      "median_survival_relative_error": 0.008234033064354806,
      "label": "Drug"
    },
    {
      "mae": 0.0034429769984857337,
      "rmse": 0.004702907518013109,
      "max_error": 0.025477797938390445,
      "iae": 0.003452990318460924,
      "concordance_correlation": 0.9997239402200258,
      "r_squared": 0.9994445742040231,
      "accuracy_5pct": 1.0,
      "accuracy_3pct": 1.0,
      "accuracy_10pct": 1.0,
      "median_survival_error": 0.14024687115718848,
      "median_survival_relative_error": 0.016873355890680286,
      "label": "Placebo"
    }
  ],
  "aggregate": {
    "mean_mae": 0.005856784905086358,
    "mean_rmse": 0.0071061113680516005,
    "mean_max_error": 0.02291324212851295,
    "mean_iae": 0.005875283877045917,
    "mean_concordance_correlation": 0.9995580625890359,
    "mean_r_squared": 0.9991190196142361,
    "mean_accuracy_5pct": 1.0,
    "mean_accuracy_3pct": 1.0,
    "mean_accuracy_10pct": 1.0,
    "n_curves_detected": 2,
    "n_curves_expected": 2
  },
  "name": "medium_atrisk_109",
  "timing": 0.06009483337402344
}