{
  "per_curve": [
    {
      "mae": 0.006750843947017706,
      "rmse": 0.009487809609692779,
      "max_error": 0.08247422680412386,
      "iae": 0.006776719858932483,
      "concordance_correlation": 0.9989046790562641,
      "r_squared": 0.9978030813990018,
      "accuracy_5pct": 0.995,
      "accuracy_3pct": 0.995,
      "accuracy_10pct": 1.0,
      "median_survival_error": 0.0009989148663578362,
      "median_survival_relative_error": 4.156967076814979e-05,
      "label": "Treatment"
    },
    {
      "mae": 0.010637015655096373,
      "rmse": 0.012332615840514741,
      "max_error": 0.04852720990318349,
      "iae": 0.010677591311847798,
      "concordance_correlation": 0.9968669198417661,
      "r_squared": 0.9937559427864668,
      "accuracy_5pct": 1.0,
      "accuracy_3pct": 0.995,
      "accuracy_10pct": 1.0,
      "median_survival_error": 0.5510283174938149,
      "median_survival_relative_error": 0.052034561230109154,
      "label": "Control"
    }
  ],
  "aggregate": {
    "mean_mae": 0.00869392980105704,
    "mean_rmse": 0.01091021272510376,
    "mean_max_error": 0.06550071835365368,
    "mean_iae": 0.00872715558539014,
    "mean_concordance_correlation": 0.9978857994490151,
    "mean_r_squared": 0.9957795120927343,
    "mean_accuracy_5pct": 0.9975,
    "mean_accuracy_3pct": 0.995,
    "mean_accuracy_10pct": 1.0,
    "n_curves_detected": 2,
    "n_curves_expected": 2
  },
  "name": "medium_010",
  "timing": 0.05412912368774414
}