{
  "per_curve": [
    {
      "mae": 0.005531170838765449,
      "rmse": 0.006806743909623821,
      "max_error": 0.024390243902438824,
      "iae": 0.005539650642265051,
      "concordance_correlation": 0.9996055618029047,
      "r_squared": 0.9992147507054442,
      "accuracy_5pct": 1.0,
      "accuracy_3pct": 1.0,
      "accuracy_10pct": 1.0,
      "median_survival_error": 0.025262488078491074,
      "median_survival_relative_error": 0.0030841538842474566,
      "label": "Treatment"
    },
    {
      "mae": 0.011501651830449497,
      "rmse": 0.012407304360294516,
      "max_error": 0.03550856506689054,
      "iae": 0.011538524465589745,
      "concordance_correlation": 0.9979495098012897,
      "r_squared": 0.9959745985556641,
      "accuracy_5pct": 1.0,
      "accuracy_3pct": 0.995,
      "accuracy_10pct": 1.0,
      "median_survival_error": 0.05000597301388243,
      "median_survival_relative_error": 0.012303056444418847,
      "label": "Control"
    }
  ],
  "aggregate": {
    "mean_mae": 0.008516411334607473,
    "mean_rmse": 0.009607024134959168,
    "mean_max_error": 0.029949404484664682,
    "mean_iae": 0.008539087553927398,
    "mean_concordance_correlation": 0.9987775358020972,
    "mean_r_squared": 0.9975946746305542,
    "mean_accuracy_5pct": 1.0,
    "mean_accuracy_3pct": 0.9975,
    "mean_accuracy_10pct": 1.0,
    "n_curves_detected": 2,
    "n_curves_expected": 2
  },
  "name": "medium_008",
  "timing": 0.05715513229370117
}