{
  "per_curve": [
    {
      "mae": 0.006075477827764614,
      "rmse": 0.006925580744675055,
      "max_error": 0.018604651162790198,
      "iae": 0.0060987531140277275,
      "concordance_correlation": 0.9995835359882226,
      "r_squared": 0.999176484377856,
      "accuracy_5pct": 1.0,
      "accuracy_3pct": 1.0,
      "accuracy_10pct": 1.0,
      "median_survival_error": 0.17079660052478118,
      "median_survival_relative_error": 0.00649665915270243,
      "label": "Treatment"
    },
    {
      "mae": 0.012336035966169894,
      "rmse": 0.01751757770440085,
      "max_error": 0.052798730671293995,
      "iae": 0.0123931895946049,
      "concordance_correlation": 0.995725092546239,
      "r_squared": 0.9914381495607161,
      "accuracy_5pct": 0.965,
      "accuracy_3pct": 0.89,
      "accuracy_10pct": 1.0,
      "median_survival_error": 0.10554260569774954,
      "median_survival_relative_error": 0.007015549662207045,
      "label": "Control"
    }
  ],
  "aggregate": {
    "mean_mae": 0.009205756896967255,
    "mean_rmse": 0.012221579224537952,
    "mean_max_error": 0.035701690917042096,
    "mean_iae": 0.009245971354316315,
    "mean_concordance_correlation": 0.9976543142672307,
    "mean_r_squared": 0.9953073169692861,
    "mean_accuracy_5pct": 0.9824999999999999,
    "mean_accuracy_3pct": 0.9450000000000001,
    "mean_accuracy_10pct": 1.0,
    "n_curves_detected": 2,
    "n_curves_expected": 2
  },
  "name": "medium_046",
  "timing": 0.1119077205657959
}