{
  "per_curve": [
    {
      "mae": 0.007086819583692938,
      "rmse": 0.007821103621512516,
      "max_error": 0.033443378184895955,
      "iae": 0.007098287961360085,
      "concordance_correlation": 0.9992766066119562,
      "r_squared": 0.9985764385995854,
      "accuracy_5pct": 1.0,
      "accuracy_3pct": 0.995,
      "accuracy_10pct": 1.0,
      "median_survival_error": 1.0033794961077582,
      "median_survival_relative_error": 0.04046306568804097,
      "label": "Treatment"
    },
    {
      "mae": 0.010833287772974669,
      "rmse": 0.01185806979421228,
      "max_error": 0.025649333637615568,
      "iae": 0.010874849721775732,
      "concordance_correlation": 0.9981735627386774,
      "r_squared": 0.9964392657524583,
      "accuracy_5pct": 1.0,
      "accuracy_3pct": 1.0,
      "accuracy_10pct": 1.0,
      "median_survival_error": 0.35683753105695715,
      "median_survival_relative_error": 0.021034646324909558,
      "label": "Control"
    }
  ],
  "aggregate": {
    "mean_mae": 0.008960053678333803,
    "mean_rmse": 0.009839586707862398,
    "mean_max_error": 0.02954635591125576,
    "mean_iae": 0.00898656884156791,
    "mean_concordance_correlation": 0.9987250846753168,
    "mean_r_squared": 0.9975078521760219,
    "mean_accuracy_5pct": 1.0,
    "mean_accuracy_3pct": 0.9975,
    "mean_accuracy_10pct": 1.0,
    "n_curves_detected": 2,
    "n_curves_expected": 2
  },
  "name": "medium_058",
  "timing": 0.058229923248291016
}