{
  "per_curve": [
    {
      "mae": 0.004982771068979705,
      "rmse": 0.005946123895054626,
      "max_error": 0.02564102564102566,
      "iae": 0.004993233975623596,
      "concordance_correlation": 0.9997697551400334,
      "r_squared": 0.9995379773208108,
      "accuracy_5pct": 1.0,
      "accuracy_3pct": 1.0,
      "accuracy_10pct": 1.0,
      "median_survival_error": 0.04623279171443073,
      "median_survival_relative_error": 0.003619680963003814,
      "label": "Drug"
    },
    {
      "mae": 0.007966983767837244,
      "rmse": 0.010322802540287952,
      "max_error": 0.04889249836058285,
      "iae": 0.008001552808165231,
      "concordance_correlation": 0.9987787827460824,
      "r_squared": 0.9975591502701971,
      "accuracy_5pct": 1.0,
      "accuracy_3pct": 0.995,
      "accuracy_10pct": 1.0,
      "median_survival_error": 0.050592912818701485,
      "median_survival_relative_error": 0.009989784098637695,
      "label": "Placebo"
    }
  ],
  "aggregate": {
    "mean_mae": 0.006474877418408475,
    "mean_rmse": 0.008134463217671289,
    "mean_max_error": 0.037266762000804254,
    "mean_iae": 0.006497393391894413,
    "mean_concordance_correlation": 0.9992742689430579,
    "mean_r_squared": 0.998548563795504,
    "mean_accuracy_5pct": 1.0,
    "mean_accuracy_3pct": 0.9975,
    "mean_accuracy_10pct": 1.0,
    "n_curves_detected": 2,
    "n_curves_expected": 2
  },
  "name": "medium_atrisk_116",
  "timing": 0.06113004684448242
}