{
  "per_curve": [
    {
      "mae": 0.0047918428244318224,
      "rmse": 0.0057413115208453346,
      "max_error": 0.01769911504424826,
      "iae": 0.0048078641851265385,
      "concordance_correlation": 0.999796500432758,
      "r_squared": 0.9995935070107841,
      "accuracy_5pct": 1.0,
      "accuracy_3pct": 1.0,
      "accuracy_10pct": 1.0,
      "median_survival_error": 0.1119226306678307,
      "median_survival_relative_error": 0.0075169009649206356,
      "label": "Treatment"
    },
    {
      "mae": 0.009337697104557145,
      "rmse": 0.010408570580177336,
      "max_error": 0.029768378829231557,
      "iae": 0.009371727003203698,
      "concordance_correlation": 0.9988309082017869,
      "r_squared": 0.9976780958012934,
      "accuracy_5pct": 1.0,
      "accuracy_3pct": 1.0,
      "accuracy_10pct": 1.0,
      "median_survival_error": 0.01932249066042324,
      "median_survival_relative_error": 0.003548935954087637,
      "label": "Control"
    }
  ],
  "aggregate": {
    "mean_mae": 0.007064769964494484,
    "mean_rmse": 0.008074941050511335,
    "mean_max_error": 0.023733746936739908,
    "mean_iae": 0.007089795594165118,
    "mean_concordance_correlation": 0.9993137043172724,
    "mean_r_squared": 0.9986358014060388,
    "mean_accuracy_5pct": 1.0,
    "mean_accuracy_3pct": 1.0,
    "mean_accuracy_10pct": 1.0,
    "n_curves_detected": 2,
    "n_curves_expected": 2
  },
  "name": "medium_ci_095",
  "timing": 0.06600308418273926
}