{
  "per_curve": [
    {
      "mae": 0.004673950407331417,
      "rmse": 0.006432400745882822,
      "max_error": 0.033898305084745894,
      "iae": 0.004676512985069061,
      "concordance_correlation": 0.9996419498447021,
      "r_squared": 0.9992818040747754,
      "accuracy_5pct": 1.0,
      "accuracy_3pct": 0.99,
      "accuracy_10pct": 1.0,
      "median_survival_error": 0.09381859681472093,
      "median_survival_relative_error": 0.006261180679786304,
      "label": "Treatment"
    },
    {
      "mae": 0.01040583661416273,
      "rmse": 0.011915798544576103,
      "max_error": 0.02760188242251016,
      "iae": 0.01044686015259386,
      "concordance_correlation": 0.9983991986491573,
      "r_squared": 0.9968265488357334,
      "accuracy_5pct": 1.0,
      "accuracy_3pct": 1.0,
      "accuracy_10pct": 1.0,
      "median_survival_error": 0.08284003195668532,
      "median_survival_relative_error": 0.007979104195522122,
      "label": "Control"
    }
  ],
  "aggregate": {
    "mean_mae": 0.007539893510747074,
    "mean_rmse": 0.009174099645229462,
    "mean_max_error": 0.030750093753628027,
    "mean_iae": 0.007561686568831461,
    "mean_concordance_correlation": 0.9990205742469297,
    "mean_r_squared": 0.9980541764552544,
    "mean_accuracy_5pct": 1.0,
    "mean_accuracy_3pct": 0.995,
    "mean_accuracy_10pct": 1.0,
    "n_curves_detected": 2,
    "n_curves_expected": 2
  },
  "name": "medium_ci_091",
  "timing": 0.058396339416503906
}