{
  "per_curve": [
    {
      "mae": 0.005254652683202806,
      "rmse": 0.006468829566365089,
      "max_error": 0.020847150711601814,
      "iae": 0.005258494868900739,
      "concordance_correlation": 0.9994738213919371,
      "r_squared": 0.9989510088864267,
      "accuracy_5pct": 1.0,
      "accuracy_3pct": 1.0,
      "accuracy_10pct": 1.0,
      "median_survival_error": 0.7790867460792725,
      "median_survival_relative_error": 0.021995160380597643,
      "label": "Treatment"
    },
    {
      "mae": 0.004985327015389502,
      "rmse": 0.005967196859302657,
      "max_error": 0.02138784362068258,
      "iae": 0.005000709008153165,
      "concordance_correlation": 0.9994631999687484,
      "r_squared": 0.9989281729211129,
      "accuracy_5pct": 1.0,
      "accuracy_3pct": 1.0,
      "accuracy_10pct": 1.0,
      "median_survival_error": 0.021039659032773272,
      "median_survival_relative_error": 0.0010300797195404872,
      "label": "Control"
    }
  ],
  "aggregate": {
    "mean_mae": 0.005119989849296154,
    "mean_rmse": 0.0062180132128338735,
    "mean_max_error": 0.021117497166142196,
    "mean_iae": 0.005129601938526952,
    "mean_concordance_correlation": 0.9994685106803427,
    "mean_r_squared": 0.9989395909037698,
    "mean_accuracy_5pct": 1.0,
    "mean_accuracy_3pct": 1.0,
    "mean_accuracy_10pct": 1.0,
    "n_curves_detected": 2,
    "n_curves_expected": 2
  },
  "name": "medium_051",
  "timing": 0.05936717987060547
}