{
  "per_curve": [
    {
      "mae": 0.004961682337835998,
      "rmse": 0.006599601710198935,
      "max_error": 0.028368794326241176,
      "iae": 0.004975348317089608,
      "concordance_correlation": 0.9995671397995817,
      "r_squared": 0.9991395210925244,
      "accuracy_5pct": 1.0,
      "accuracy_3pct": 1.0,
      "accuracy_10pct": 1.0,
      "median_survival_error": 0.15109578803416213,
      "median_survival_relative_error": 0.005281066772163334,
      "label": "Treatment"
    },
    {
      "mae": 0.012105102278307687,
      "rmse": 0.013525415010289846,
      "max_error": 0.03571428571428514,
      "iae": 0.012153055254773738,
      "concordance_correlation": 0.9980775418031926,
      "r_squared": 0.9962098827233647,
      "accuracy_5pct": 1.0,
      "accuracy_3pct": 0.995,
      "accuracy_10pct": 1.0,
      "median_survival_error": 0.3279487204524223,
      "median_survival_relative_error": 0.013411016043241988,
      "label": "Control"
    }
  ],
  "aggregate": {
    "mean_mae": 0.008533392308071843,
    "mean_rmse": 0.010062508360244391,
    "mean_max_error": 0.03204154002026316,
    "mean_iae": 0.008564201785931673,
    "mean_concordance_correlation": 0.9988223408013872,
    "mean_r_squared": 0.9976747019079446,
    "mean_accuracy_5pct": 1.0,
    "mean_accuracy_3pct": 0.9975,
    "mean_accuracy_10pct": 1.0,
    "n_curves_detected": 2,
    "n_curves_expected": 2
  },
  "name": "medium_013",
  "timing": 0.056183815002441406
}