{
  "per_curve": [
    {
      "mae": 0.0047655043233634665,
      "rmse": 0.006012419988672091,
      "max_error": 0.026353056821306176,
      "iae": 0.004779781679483785,
      "concordance_correlation": 0.9995775904620505,
      "r_squared": 0.9991487813728913,
      "accuracy_5pct": 1.0,
      "accuracy_3pct": 1.0,
      "accuracy_10pct": 1.0,
      "median_survival_error": 1.0034264069790488,
      "median_survival_relative_error": 0.046849856123897686,
      "label": "Treatment"
    },
    {
      "mae": 0.015115302675456027,
      "rmse": 0.016650094585931727,
      "max_error": 0.028432737958820536,
      "iae": 0.015160637614651803,
      "concordance_correlation": 0.9965013989724965,
      "r_squared": 0.9931763050714804,
      "accuracy_5pct": 1.0,
      "accuracy_3pct": 1.0,
      "accuracy_10pct": 1.0,
      "median_survival_error": 0.46753357656907646,
      "median_survival_relative_error": 0.031439602868174626,
      "label": "Control"
    }
  ],
  "aggregate": {
    "mean_mae": 0.009940403499409747,
    "mean_rmse": 0.011331257287301909,
    "mean_max_error": 0.027392897390063356,
    "mean_iae": 0.009970209647067794,
    "mean_concordance_correlation": 0.9980394947172735,
    "mean_r_squared": 0.9961625432221859,
    "mean_accuracy_5pct": 1.0,
    "mean_accuracy_3pct": 1.0,
    "mean_accuracy_10pct": 1.0,
    "n_curves_detected": 2,
    "n_curves_expected": 2
  },
  "name": "medium_ci_081",
  "timing": 0.060749053955078125
}