{
  "per_curve": [
    {
      "mae": 0.006215064602110092,
      "rmse": 0.007591571879499063,
      "max_error": 0.019275451241168917,
      "iae": 0.0062390691520891415,
      "concordance_correlation": 0.9994559550434386,
      "r_squared": 0.9989281936273771,
      "accuracy_5pct": 1.0,
      "accuracy_3pct": 1.0,
      "accuracy_10pct": 1.0,
      "median_survival_error": 0.3462432730969951,
      "median_survival_relative_error": 0.009981304848415366,
      "label": "Treatment"
    },
    {
      "mae": 0.014381433236346166,
      "rmse": 0.015369101543129206,
      "max_error": 0.028202021943067423,
      "iae": 0.014436838907393197,
      "concordance_correlation": 0.9964800782461848,
      "r_squared": 0.9931186518733556,
      "accuracy_5pct": 1.0,
      "accuracy_3pct": 1.0,
      "accuracy_10pct": 1.0,
      "median_survival_error": 0.02894707839163324,
      "median_survival_relative_error": 0.0020049407468406676,
      "label": "Control"
    }
  ],
  "aggregate": {
    "mean_mae": 0.010298248919228129,
    "mean_rmse": 0.011480336711314135,
    "mean_max_error": 0.02373873659211817,
    "mean_iae": 0.01033795402974117,
    "mean_concordance_correlation": 0.9979680166448117,
    "mean_r_squared": 0.9960234227503664,
    "mean_accuracy_5pct": 1.0,
    "mean_accuracy_3pct": 1.0,
    "mean_accuracy_10pct": 1.0,
    "n_curves_detected": 2,
    "n_curves_expected": 2
  },
  "name": "medium_044",
  "timing": 0.02682018280029297
}