{
  "per_curve": [
    {
      "mae": 0.005094213934318983,
      "rmse": 0.006199202340758763,
      "max_error": 0.026988848714736613,
      "iae": 0.0051015928193730645,
      "concordance_correlation": 0.999460737446803,
      "r_squared": 0.9989192874934455,
      "accuracy_5pct": 1.0,
      "accuracy_3pct": 1.0,
      "accuracy_10pct": 1.0,
      "median_survival_error": 0.4307788455321493,
      "median_survival_relative_error": 0.035204009266700004,
      "label": "Drug"
    },
    {
      "mae": 0.009027563039252782,
      "rmse": 0.010516240968286574,
      "max_error": 0.018985456013634217,
      "iae": 0.009065639605663985,
      "concordance_correlation": 0.9988984636355265,
      "r_squared": 0.9978149169031161,
      "accuracy_5pct": 1.0,
      "accuracy_3pct": 1.0,
      "accuracy_10pct": 1.0,
      "median_survival_error": 0.080989307573482,
      "median_survival_relative_error": 0.004586482203992291,
      "label": "Placebo"
    }
  ],
  "aggregate": {
    "mean_mae": 0.007060888486785882,
    "mean_rmse": 0.008357721654522669,
    "mean_max_error": 0.022987152364185415,
    "mean_iae": 0.0070836162125185245,
    "mean_concordance_correlation": 0.9991796005411647,
    "mean_r_squared": 0.9983671021982807,
    "mean_accuracy_5pct": 1.0,
    "mean_accuracy_3pct": 1.0,
    "mean_accuracy_10pct": 1.0,
    "n_curves_detected": 2,
    "n_curves_expected": 2
  },
  "name": "medium_atrisk_108",
  "timing": 0.07986187934875488
}