{
  "per_curve": [
    {
      "mae": 0.004317220032654881,
      "rmse": 0.0049977392228048876,
      "max_error": 0.015416206709420344,
      "iae": 0.004327647507862354,
      "concordance_correlation": 0.9998449270534203,
      "r_squared": 0.9996909645520121,
      "accuracy_5pct": 1.0,
      "accuracy_3pct": 1.0,
      "accuracy_10pct": 1.0,
      "median_survival_error": 0.06759417652802036,
      "median_survival_relative_error": 0.004677282064782772,
      "label": "Treatment"
    },
    {
      "mae": 0.005651956389151463,
      "rmse": 0.0074034969537253945,
      "max_error": 0.025449786486101744,
      "iae": 0.00567070066763377,
      "concordance_correlation": 0.9994727718757986,
      "r_squared": 0.9989575782766047,
      "accuracy_5pct": 1.0,
      "accuracy_3pct": 1.0,
      "accuracy_10pct": 1.0,
      "median_survival_error": 0.07558239515790088,
      "median_survival_relative_error": 0.012940480569172932,
      "label": "Control"
    }
  ],
  "aggregate": {
    "mean_mae": 0.0049845882109031715,
    "mean_rmse": 0.0062006180882651415,
    "mean_max_error": 0.020432996597761044,
    "mean_iae": 0.004999174087748063,
    "mean_concordance_correlation": 0.9996588494646095,
    "mean_r_squared": 0.9993242714143085,
    "mean_accuracy_5pct": 1.0,
    "mean_accuracy_3pct": 1.0,
    "mean_accuracy_10pct": 1.0,
    "n_curves_detected": 2,
    "n_curves_expected": 2
  },
  "name": "medium_ci_076",
  "timing": 0.06397008895874023
}