{
  "per_curve": [
    {
      "mae": 0.012777549172291075,
      "rmse": 0.019028097028442097,
      "max_error": 0.07100978140365355,
      "iae": 0.012821715764164835,
      "concordance_correlation": 0.9976987069657515,
      "r_squared": 0.9955850306821509,
      "accuracy_5pct": 0.97,
      "accuracy_3pct": 0.86,
      "accuracy_10pct": 1.0,
      "median_survival_error": 1.8335901260793612,
      "median_survival_relative_error": 0.059298736832190474,
      "label": "Drug"
    },
    {
      "mae": 0.024245995318779724,
      "rmse": 0.04158590770602303,
      "max_error": 0.1954200271281895,
      "iae": 0.023926906136627474,
      "concordance_correlation": 0.9593384881497034,
      "r_squared": 0.9359563995771911,
      "accuracy_5pct": 0.92,
      "accuracy_3pct": 0.91,
      "accuracy_10pct": 0.945,
      "median_survival_error": 1.9761123076992022,
      "median_survival_relative_error": 0.35005938580755586,
      "label": "Placebo"
    }
  ],
  "aggregate": {
    "mean_mae": 0.0185117722455354,
    "mean_rmse": 0.030307002367232563,
    "mean_max_error": 0.13321490426592153,
    "mean_iae": 0.018374310950396155,
    "mean_concordance_correlation": 0.9785185975577274,
    "mean_r_squared": 0.965770715129671,
    "mean_accuracy_5pct": 0.9450000000000001,
    "mean_accuracy_3pct": 0.885,
    "mean_accuracy_10pct": 0.9724999999999999,
    "n_curves_detected": 2,
    "n_curves_expected": 2
  },
  "name": "medium_atrisk_117",
  "timing": 0.05959200859069824
}