{
  "per_curve": [
    {
      "mae": 0.004628087107212734,
      "rmse": 0.005730293808618688,
      "max_error": 0.018862819341512696,
      "iae": 0.004642233736373205,
      "concordance_correlation": 0.9998094588214729,
      "r_squared": 0.9996202306917344,
      "accuracy_5pct": 1.0,
      "accuracy_3pct": 1.0,
      "accuracy_10pct": 1.0,
      "median_survival_error": 0.3107195518093633,
      "median_survival_relative_error": 0.009719448181298515,
      "label": "Drug"
    },
    {
      "mae": 0.011585340728352902,
      "rmse": 0.013086750879932331,
      "max_error": 0.021818346627991314,
      "iae": 0.011625338341015192,
      "concordance_correlation": 0.9975277796225208,
      "r_squared": 0.9950994011344518,
      "accuracy_5pct": 1.0,
      "accuracy_3pct": 1.0,
      "accuracy_10pct": 1.0,
      "median_survival_error": 0.11711763609956805,
      "median_survival_relative_error": 0.014377906584211241,
      "label": "Placebo"
    }
  ],
  "aggregate": {
    "mean_mae": 0.008106713917782818,
    "mean_rmse": 0.00940852234427551,
    "mean_max_error": 0.020340582984752005,
    "mean_iae": 0.0081337860386942,
    "mean_concordance_correlation": 0.9986686192219969,
    "mean_r_squared": 0.9973598159130932,
    "mean_accuracy_5pct": 1.0,
    "mean_accuracy_3pct": 1.0,
    "mean_accuracy_10pct": 1.0,
    "n_curves_detected": 2,
    "n_curves_expected": 2
  },
  "name": "medium_atrisk_119",
  "timing": 0.05841398239135742
}