{
  "per_curve": [
    {
      "mae": 0.005957835525601476,
      "rmse": 0.006975514519324585,
      "max_error": 0.023109021809155306,
      "iae": 0.005964088163664175,
      "concordance_correlation": 0.9996373947429297,
      "r_squared": 0.9992783820517157,
      "accuracy_5pct": 1.0,
      "accuracy_3pct": 1.0,
      "accuracy_10pct": 1.0,
      "median_survival_error": 0.13027951289059914,
      "median_survival_relative_error": 0.009475248330891497,
      "label": "Drug"
    },
    {
      "mae": 0.010927229061082282,
      "rmse": 0.012929262129924533,
      "max_error": 0.018854242204496052,
      "iae": 0.010967563615927696,
      "concordance_correlation": 0.9990379524629391,
      "r_squared": 0.9981098029461932,
      "accuracy_5pct": 1.0,
      "accuracy_3pct": 1.0,
      "accuracy_10pct": 1.0,
      "median_survival_error": 0.06519573405089929,
      "median_survival_relative_error": 0.004324618015255214,
      "label": "Placebo"
    }
  ],
  "aggregate": {
    "mean_mae": 0.00844253229334188,
    "mean_rmse": 0.00995238832462456,
    "mean_max_error": 0.02098163200682568,
    "mean_iae": 0.008465825889795935,
    "mean_concordance_correlation": 0.9993376736029345,
    "mean_r_squared": 0.9986940924989545,
    "mean_accuracy_5pct": 1.0,
    "mean_accuracy_3pct": 1.0,
    "mean_accuracy_10pct": 1.0,
    "n_curves_detected": 2,
    "n_curves_expected": 2
  },
  "name": "medium_atrisk_106",
  "timing": 0.06032109260559082
}