{
  "per_curve": [
    {
      "mae": 0.00452481240250887,
      "rmse": 0.00549078563642507,
      "max_error": 0.013422818791946622,
      "iae": 0.00453309629240811,
      "concordance_correlation": 0.9998379516956041,
      "r_squared": 0.999677949592872,
      "accuracy_5pct": 1.0,
      "accuracy_3pct": 1.0,
      "accuracy_10pct": 1.0,
      "median_survival_error": 0.31946353880535483,
      "median_survival_relative_error": 0.023850195676238986,
      "label": "Treatment"
    },
    {
      "mae": 0.010726829439144997,
      "rmse": 0.01171233904577819,
      "max_error": 0.019621903675181074,
      "iae": 0.010756643336556444,
      "concordance_correlation": 0.9987585186419724,
      "r_squared": 0.9975606687783601,
      "accuracy_5pct": 1.0,
      "accuracy_3pct": 1.0,
      "accuracy_10pct": 1.0,
      "median_survival_error": 0.05529473614213387,
      "median_survival_relative_error": 0.010150443305614132,
      "label": "Control"
    }
  ],
  "aggregate": {
    "mean_mae": 0.007625820920826933,
    "mean_rmse": 0.00860156234110163,
    "mean_max_error": 0.016522361233563848,
    "mean_iae": 0.007644869814482277,
    "mean_concordance_correlation": 0.9992982351687882,
    "mean_r_squared": 0.9986193091856161,
    "mean_accuracy_5pct": 1.0,
    "mean_accuracy_3pct": 1.0,
    "mean_accuracy_10pct": 1.0,
    "n_curves_detected": 2,
    "n_curves_expected": 2
  },
  "name": "medium_066",
  "timing": 0.027050018310546875
}