{
  "per_curve": [
    {
      "mae": 0.004801445479977634,
      "rmse": 0.0063902364421365605,
      "max_error": 0.032754922986937274,
      "iae": 0.0048175254196962305,
      "concordance_correlation": 0.9996141932551913,
      "r_squared": 0.9992338872267221,
      "accuracy_5pct": 1.0,
      "accuracy_3pct": 0.995,
      "accuracy_10pct": 1.0,
      "median_survival_error": 0.1768250244282541,
      "median_survival_relative_error": 0.009320776428550065,
      "label": "Treatment"
    },
    {
      "mae": 0.00795704653280442,
      "rmse": 0.009263627436657587,
      "max_error": 0.0157549657123236,
      "iae": 0.007988983764245762,
      "concordance_correlation": 0.9989766368524593,
      "r_squared": 0.9979762081686276,
      "accuracy_5pct": 1.0,
      "accuracy_3pct": 1.0,
      "accuracy_10pct": 1.0,
      "median_survival_error": 0.02508295819984596,
      "median_survival_relative_error": 0.0022581074178130594,
      "label": "Control"
    }
  ],
  "aggregate": {
    "mean_mae": 0.0063792460063910265,
    "mean_rmse": 0.007826931939397073,
    "mean_max_error": 0.024254944349630436,
    "mean_iae": 0.006403254591970996,
    "mean_concordance_correlation": 0.9992954150538254,
    "mean_r_squared": 0.9986050476976749,
    "mean_accuracy_5pct": 1.0,
    "mean_accuracy_3pct": 0.9975,
    "mean_accuracy_10pct": 1.0,
    "n_curves_detected": 2,
    "n_curves_expected": 2
  },
  "name": "medium_ci_094",
  "timing": 0.06261181831359863
}