{
  "per_curve": [
    {
      "mae": 0.0051219471514282675,
      "rmse": 0.006456014026969231,
      "max_error": 0.019230769230769496,
      "iae": 0.00512032262747403,
      "concordance_correlation": 0.9996731831550506,
      "r_squared": 0.9993464453406423,
      "accuracy_5pct": 1.0,
      "accuracy_3pct": 1.0,
      "accuracy_10pct": 1.0,
      "median_survival_error": 0.10171700826420249,
      "median_survival_relative_error": 0.007619214269322471,
      "label": "Treatment"
    },
    {
      "mae": 0.010756350804385023,
      "rmse": 0.012583200720467874,
      "max_error": 0.019216702695689647,
      "iae": 0.0107926973790445,
      "concordance_correlation": 0.9987019434366048,
      "r_squared": 0.9974499722601374,
      "accuracy_5pct": 1.0,
      "accuracy_3pct": 1.0,
      "accuracy_10pct": 1.0,
      "median_survival_error": 0.148815222371951,
      "median_survival_relative_error": 0.017910958275920312,
      "label": "Control"
    }
  ],
  "aggregate": {
    "mean_mae": 0.007939148977906645,
    "mean_rmse": 0.009519607373718552,
    "mean_max_error": 0.01922373596322957,
    "mean_iae": 0.007956510003259264,
    "mean_concordance_correlation": 0.9991875632958277,
    "mean_r_squared": 0.9983982088003899,
    "mean_accuracy_5pct": 1.0,
    "mean_accuracy_3pct": 1.0,
    "mean_accuracy_10pct": 1.0,
    "n_curves_detected": 2,
    "n_curves_expected": 2
  },
  "name": "medium_070",
  "timing": 0.060388803482055664
}