{
  "per_curve": [
    {
      "mae": 0.005346792240258734,
      "rmse": 0.006619885607464563,
      "max_error": 0.021431384772690465,
      "iae": 0.005359206682106467,
      "concordance_correlation": 0.9992558094626212,
      "r_squared": 0.998523098969739,
      "accuracy_5pct": 1.0,
      "accuracy_3pct": 1.0,
      "accuracy_10pct": 1.0,
      "median_survival_error": 0.08659344182262885,
      "median_survival_relative_error": 0.005780209035856264,
      "label": "Treatment"
    },
    {
      "mae": 0.009951940580839955,
      "rmse": 0.01165859949304481,
      "max_error": 0.021191760774421198,
      "iae": 0.009989905448446523,
      "concordance_correlation": 0.9973165053084168,
      "r_squared": 0.9947487661953128,
      "accuracy_5pct": 1.0,
      "accuracy_3pct": 1.0,
      "accuracy_10pct": 1.0,
      "median_survival_error": 0.28671659512137104,
      "median_survival_relative_error": 0.024621464729002934,
      "label": "Control"
    }
  ],
  "aggregate": {
    "mean_mae": 0.007649366410549345,
    "mean_rmse": 0.009139242550254686,
    "mean_max_error": 0.02131157277355583,
    "mean_iae": 0.007674556065276495,
    "mean_concordance_correlation": 0.998286157385519,
    "mean_r_squared": 0.9966359325825259,
    "mean_accuracy_5pct": 1.0,
    "mean_accuracy_3pct": 1.0,
    "mean_accuracy_10pct": 1.0,
    "n_curves_detected": 2,
    "n_curves_expected": 2
  },
  "name": "medium_053",
  "timing": 0.02932000160217285
}