{
  "per_curve": [
    {
      "mae": 0.0034277795733481343,
      "rmse": 0.004458115919065529,
      "max_error": 0.013468190150101388,
      "iae": 0.003430495090185007,
      "concordance_correlation": 0.999750523318963,
      "r_squared": 0.9994998050608802,
      "accuracy_5pct": 1.0,
      "accuracy_3pct": 1.0,
      "accuracy_10pct": 1.0,
      "median_survival_error": 0.11654995968069048,
      "median_survival_relative_error": 0.015882844332572803,
      "label": "Treatment"
    },
    {
      "mae": 0.006096551763820485,
      "rmse": 0.007276251367421116,
      "max_error": 0.020063412029961203,
      "iae": 0.006117514698235628,
      "concordance_correlation": 0.9990744921375583,
      "r_squared": 0.9981517354636789,
      "accuracy_5pct": 1.0,
      "accuracy_3pct": 1.0,
      "accuracy_10pct": 1.0,
      "median_survival_error": 0.001082093881963786,
      "median_survival_relative_error": 0.0002603891748867307,
      "label": "Control"
    }
  ],
  "aggregate": {
    "mean_mae": 0.00476216566858431,
    "mean_rmse": 0.005867183643243323,
    "mean_max_error": 0.016765801090031295,
    "mean_iae": 0.004774004894210318,
    "mean_concordance_correlation": 0.9994125077282606,
    "mean_r_squared": 0.9988257702622796,
    "mean_accuracy_5pct": 1.0,
    "mean_accuracy_3pct": 1.0,
    "mean_accuracy_10pct": 1.0,
    "n_curves_detected": 2,
    "n_curves_expected": 2
  },
  "name": "medium_071",
  "timing": 0.10269308090209961
}