{
  "per_curve": [
    {
      "mae": 0.011040340222776626,
      "rmse": 0.012372154334210222,
      "max_error": 0.020834786349482992,
      "iae": 0.011086161806955541,
      "concordance_correlation": 0.9983506832101757,
      "r_squared": 0.9967364843019432,
      "accuracy_5pct": 1.0,
      "accuracy_3pct": 1.0,
      "accuracy_10pct": 1.0,
      "median_survival_error": 0.2385081850003523,
      "median_survival_relative_error": 0.011231413338110044,
      "label": "Treatment"
    },
    {
      "mae": 0.0063385613006058114,
      "rmse": 0.007640508710584116,
      "max_error": 0.02456062850159446,
      "iae": 0.006362365440428067,
      "concordance_correlation": 0.9991185291919327,
      "r_squared": 0.9982282483071423,
      "accuracy_5pct": 1.0,
      "accuracy_3pct": 1.0,
      "accuracy_10pct": 1.0,
      "median_survival_error": 0.5499864104835375,
      "median_survival_relative_error": 0.03493418993667563,
      "label": "Control"
    }
  ],
  "aggregate": {
    "mean_mae": 0.008689450761691218,
    "mean_rmse": 0.01000633152239717,
    "mean_max_error": 0.022697707425538727,
    "mean_iae": 0.008724263623691804,
    "mean_concordance_correlation": 0.9987346062010543,
    "mean_r_squared": 0.9974823663045427,
    "mean_accuracy_5pct": 1.0,
    "mean_accuracy_3pct": 1.0,
    "mean_accuracy_10pct": 1.0,
    "n_curves_detected": 2,
    "n_curves_expected": 2
  },
  "name": "medium_ci_073",
  "timing": 0.05882716178894043
}