{
  "per_curve": [
    {
      "mae": 0.005910240527648578,
      "rmse": 0.006904595567912195,
      "max_error": 0.01725790987535958,
      "iae": 0.0059134414838694594,
      "concordance_correlation": 0.9997111494727062,
      "r_squared": 0.9994265035908831,
      "accuracy_5pct": 1.0,
      "accuracy_3pct": 1.0,
      "accuracy_10pct": 1.0,
      "median_survival_error": 0.023524877079879047,
      "median_survival_relative_error": 0.0010794514144208997,
      "label": "Treatment"
    },
    {
      "mae": 0.004865886048231561,
      "rmse": 0.005633038049102754,
      "max_error": 0.022239015886789282,
      "iae": 0.004878292852860196,
      "concordance_correlation": 0.9997015463149695,
      "r_squared": 0.9994053906181947,
      "accuracy_5pct": 1.0,
      "accuracy_3pct": 1.0,
      "accuracy_10pct": 1.0,
      "median_survival_error": 0.20230052831701784,
      "median_survival_relative_error": 0.017783304182440677,
      "label": "Control"
    }
  ],
  "aggregate": {
    "mean_mae": 0.00538806328794007,
    "mean_rmse": 0.0062688168085074745,
    "mean_max_error": 0.01974846288107443,
    "mean_iae": 0.005395867168364828,
    "mean_concordance_correlation": 0.9997063478938379,
    "mean_r_squared": 0.999415947104539,
    "mean_accuracy_5pct": 1.0,
    "mean_accuracy_3pct": 1.0,
    "mean_accuracy_10pct": 1.0,
    "n_curves_detected": 2,
    "n_curves_expected": 2
  },
  "name": "medium_043",
  "timing": 0.03174996376037598
}