{
  "per_curve": [
    {
      "mae": 0.007030494713494158,
      "rmse": 0.008036236288566624,
      "max_error": 0.0379990926694912,
      "iae": 0.007056187925412686,
      "concordance_correlation": 0.9995330433809475,
      "r_squared": 0.9990732354426356,
      "accuracy_5pct": 1.0,
      "accuracy_3pct": 0.995,
      "accuracy_10pct": 1.0,
      "median_survival_error": 0.199577306656888,
      "median_survival_relative_error": 0.00877807798133997,
      "label": "Treatment"
    },
    {
      "mae": 0.007454245146607423,
      "rmse": 0.008236340099114111,
      "max_error": 0.0231704910503574,
      "iae": 0.007479658780876136,
      "concordance_correlation": 0.9991127022014721,
      "r_squared": 0.9982371322350543,
      "accuracy_5pct": 1.0,
      "accuracy_3pct": 1.0,
      "accuracy_10pct": 1.0,
      "median_survival_error": 0.12051506109183308,
      "median_survival_relative_error": 0.012012759339933135,
      "label": "Control"
    }
  ],
  "aggregate": {
    "mean_mae": 0.00724236993005079,
    "mean_rmse": 0.008136288193840368,
    "mean_max_error": 0.0305847918599243,
    "mean_iae": 0.00726792335314441,
    "mean_concordance_correlation": 0.9993228727912098,
    "mean_r_squared": 0.9986551838388449,
    "mean_accuracy_5pct": 1.0,
    "mean_accuracy_3pct": 0.9975,
    "mean_accuracy_10pct": 1.0,
    "n_curves_detected": 2,
    "n_curves_expected": 2
  },
  "name": "medium_049",
  "timing": 0.04004311561584473
}