{
  "per_curve": [
    {
      "mae": 0.010288617493264015,
      "rmse": 0.010786160349194005,
      "max_error": 0.028080290412128783,
      "iae": 0.010300079453632758,
      "concordance_correlation": 0.9982917132927844,
      "r_squared": 0.9966375322737656,
      "accuracy_5pct": 1.0,
      "accuracy_3pct": 1.0,
      "accuracy_10pct": 1.0,
      "median_survival_error": 0.97428356391816,
      "median_survival_relative_error": 0.051011804384486076,
      "label": "Treatment"
    },
    {
      "mae": 0.007496938860150177,
      "rmse": 0.008093319111124696,
      "max_error": 0.024930884867170877,
      "iae": 0.007526563992733962,
      "concordance_correlation": 0.9991968970452705,
      "r_squared": 0.9984167713281996,
      "accuracy_5pct": 1.0,
      "accuracy_3pct": 1.0,
      "accuracy_10pct": 1.0,
      "median_survival_error": 0.5092178981999531,
      "median_survival_relative_error": 0.027437505347507173,
      "label": "Control"
    }
  ],
  "aggregate": {
    "mean_mae": 0.008892778176707096,
    "mean_rmse": 0.00943973973015935,
    "mean_max_error": 0.02650558763964983,
    "mean_iae": 0.00891332172318336,
    "mean_concordance_correlation": 0.9987443051690275,
    "mean_r_squared": 0.9975271518009826,
    "mean_accuracy_5pct": 1.0,
    "mean_accuracy_3pct": 1.0,
    "mean_accuracy_10pct": 1.0,
    "n_curves_detected": 2,
    "n_curves_expected": 2
  },
  "name": "medium_ci_078",
  "timing": 0.06271195411682129
}