{
  "per_curve": [
    {
      "mae": 0.005940658401348961,
      "rmse": 0.006705807225621971,
      "max_error": 0.0235294117647058,
      "iae": 0.005946367175084732,
      "concordance_correlation": 0.9996195183495947,
      "r_squared": 0.9992455888436212,
      "accuracy_5pct": 1.0,
      "accuracy_3pct": 1.0,
      "accuracy_10pct": 1.0,
      "median_survival_error": 0.11656625881962768,
      "median_survival_relative_error": 0.005212123365723607,
      "label": "Treatment"
    },
    {
      "mae": 0.007079199782939227,
      "rmse": 0.008329077392255704,
      "max_error": 0.017752461753933524,
      "iae": 0.007101896967971268,
      "concordance_correlation": 0.9990528140693117,
      "r_squared": 0.9981191098485215,
      "accuracy_5pct": 1.0,
      "accuracy_3pct": 1.0,
      "accuracy_10pct": 1.0,
      "median_survival_error": 0.014281670638260024,
      "median_survival_relative_error": 0.001257824142843319,
      "label": "Control"
    }
  ],
  "aggregate": {
    "mean_mae": 0.006509929092144094,
    "mean_rmse": 0.007517442308938837,
    "mean_max_error": 0.02064093675931966,
    "mean_iae": 0.006524132071528,
    "mean_concordance_correlation": 0.9993361662094532,
    "mean_r_squared": 0.9986823493460714,
    "mean_accuracy_5pct": 1.0,
    "mean_accuracy_3pct": 1.0,
    "mean_accuracy_10pct": 1.0,
    "n_curves_detected": 2,
    "n_curves_expected": 2
  },
  "name": "medium_061",
  "timing": 0.06254887580871582
}