{
  "per_curve": [
    {
      "mae": 0.0063179773161320925,
      "rmse": 0.009063321249101733,
      "max_error": 0.0399999999999997,
      "iae": 0.00632558216481652,
      "concordance_correlation": 0.9993722248933286,
      "r_squared": 0.9987455889422283,
      "accuracy_5pct": 1.0,
      "accuracy_3pct": 0.985,
      "accuracy_10pct": 1.0,
      "median_survival_error": 0.2170705519168301,
      "median_survival_relative_error": 0.01094204282116857,
      "label": "Treatment"
    },
    {
      "mae": 0.004479801318485655,
      "rmse": 0.005937053518303172,
      "max_error": 0.02348921631432821,
      "iae": 0.004471730760243309,
      "concordance_correlation": 0.9996083036178752,
      "r_squared": 0.9992180468651851,
      "accuracy_5pct": 1.0,
      "accuracy_3pct": 1.0,
      "accuracy_10pct": 1.0,
      "median_survival_error": 0.10936892274084542,
      "median_survival_relative_error": 0.009299913569576941,
      "label": "Control"
    }
  ],
  "aggregate": {
    "mean_mae": 0.005398889317308874,
    "mean_rmse": 0.007500187383702453,
    "mean_max_error": 0.031744608157163956,
    "mean_iae": 0.005398656462529915,
    "mean_concordance_correlation": 0.9994902642556018,
    "mean_r_squared": 0.9989818179037067,
    "mean_accuracy_5pct": 1.0,
    "mean_accuracy_3pct": 0.9924999999999999,
    "mean_accuracy_10pct": 1.0,
    "n_curves_detected": 2,
    "n_curves_expected": 2
  },
  "name": "medium_ci_082",
  "timing": 0.06460022926330566
}