{
  "per_curve": [
    {
      "mae": 0.004261941382027312,
      "rmse": 0.005287839174037627,
      "max_error": 0.02199122087203287,
      "iae": 0.004274254684434994,
      "concordance_correlation": 0.9997052328091753,
      "r_squared": 0.9994076599431873,
      "accuracy_5pct": 1.0,
      "accuracy_3pct": 1.0,
      "accuracy_10pct": 1.0,
      "median_survival_error": 0.04663407598070535,
      "median_survival_relative_error": 0.0029576229649728976,
      "label": "Drug"
    },
    {
      "mae": 0.008544627620141238,
      "rmse": 0.009595139456836753,
      "max_error": 0.015579581981206347,
      "iae": 0.008582103354304068,
      "concordance_correlation": 0.999080839381218,
      "r_squared": 0.998181364829198,
      "accuracy_5pct": 1.0,
      "accuracy_3pct": 1.0,
      "accuracy_10pct": 1.0,
      "median_survival_error": 0.025772367248336536,
      "median_survival_relative_error": 0.0017095562115030003,
      "label": "Placebo"
    }
  ],
  "aggregate": {
    "mean_mae": 0.006403284501084275,
    "mean_rmse": 0.00744148931543719,
    "mean_max_error": 0.018785401426619608,
    "mean_iae": 0.006428179019369531,
    "mean_concordance_correlation": 0.9993930360951967,
    "mean_r_squared": 0.9987945123861925,
    "mean_accuracy_5pct": 1.0,
    "mean_accuracy_3pct": 1.0,
    "mean_accuracy_10pct": 1.0,
    "n_curves_detected": 2,
    "n_curves_expected": 2
  },
  "name": "medium_atrisk_102",
  "timing": 0.05927705764770508
}