{
  "per_curve": [
    {
      "mae": 0.005269854776723373,
      "rmse": 0.006388674259520418,
      "max_error": 0.01850505493902521,
      "iae": 0.00527993829707022,
      "concordance_correlation": 0.9997311977360399,
      "r_squared": 0.9994646676362902,
      "accuracy_5pct": 1.0,
      "accuracy_3pct": 1.0,
      "accuracy_10pct": 1.0,
      "median_survival_error": 0.12470417100409392,
      "median_survival_relative_error": 0.0057157953252804745,
      "label": "Drug"
    },
    {
      "mae": 0.007257195446747625,
      "rmse": 0.00776086013551357,
      "max_error": 0.02070071962987252,
      "iae": 0.007275443585633005,
      "concordance_correlation": 0.9992024731723909,
      "r_squared": 0.9984118622488515,
      "accuracy_5pct": 1.0,
      "accuracy_3pct": 1.0,
      "accuracy_10pct": 1.0,
      "median_survival_error": 0.18399017122889028,
      "median_survival_relative_error": 0.025559933728727443,
      "label": "Placebo"
    }
  ],
  "aggregate": {
    "mean_mae": 0.006263525111735499,
    "mean_rmse": 0.007074767197516993,
    "mean_max_error": 0.019602887284448867,
    "mean_iae": 0.006277690941351612,
    "mean_concordance_correlation": 0.9994668354542153,
    "mean_r_squared": 0.9989382649425709,
    "mean_accuracy_5pct": 1.0,
    "mean_accuracy_3pct": 1.0,
    "mean_accuracy_10pct": 1.0,
    "n_curves_detected": 2,
    "n_curves_expected": 2
  },
  "name": "medium_atrisk_115",
  "timing": 0.05867791175842285
}